date,zirepo:H6,zirepo:H7,zirepo:H2,zirepo:H4,zirepo:H5
2026-01-05,-0.046,-0.044,-0.034,-0.03,-0.025
2026-01-06,-0.047,-0.044,-0.037,-0.04,-0.04
2026-01-07,-0.049,-0.045,-0.054,-0.034,-0.04
2026-01-08,-0.05,-0.045,-0.049,-0.053,-0.04
2026-01-09,-0.053,-0.046,-0.054,-0.024,-0.04
2026-01-12,-0.054,-0.047,-0.052,-0.016,-0.04
2026-01-13,-0.054,-0.047,-0.059,-0.034,-0.033
2026-01-14,-0.056,-0.047,-0.051,-0.031,-0.04
2026-01-15,-0.056,-0.047,-0.013,-0.045,-0.04
2026-01-16,-0.057,-0.047,-0.032,-0.043,-0.04
2026-01-19,-0.057,-0.047,-0.028,-0.04,-0.04
2026-01-20,-0.056,-0.048,-0.048,-0.037,-0.04
2026-01-21,-0.058,-0.047,-0.043,-0.017,-0.04
2026-01-22,-0.058,-0.047,-0.035,-0.043,-0.04
2026-01-23,-0.057,-0.047,-0.001,-0.028,-0.04
2026-01-26,-0.057,-0.047,-0.039,-0.046,-0.04
2026-01-27,-0.056,-0.047,-0.039,-0.047,-0.04
2026-01-28,-0.059,-0.047,-0.042,-0.042,-0.04
2026-01-29,-0.06,-0.048,-0.04,-0.042,-0.04
2026-01-30,-0.059,-0.048,-0.021,-0.019,-0.04
2026-02-02,-0.058,-0.048,-0.034,-0.023,-0.04
2026-02-03,-0.058,-0.048,-0.027,-0.034,-0.04
2026-02-04,-0.057,-0.048,0.007,-0.043,-0.04
2026-02-05,-0.057,-0.048,-0.017,-0.05,-0.04
2026-02-06,-0.054,-0.048,-0.022,-0.031,-0.04
2026-02-09,-0.053,-0.048,-0.03,-0.032,-0.04
2026-02-10,-0.052,-0.048,-0.027,-0.046,-0.04
2026-02-11,-0.05,-0.048,-0.04,-0.047,-0.04
2026-02-12,-0.049,-0.048,-0.03,-0.045,-0.04
2026-02-13,-0.047,-0.048,-0.033,-0.021,-0.04
2026-02-16,-0.047,-0.048,-0.044,-0.041,-0.04
2026-02-17,-0.047,-0.048,-0.029,-0.035,-0.04
2026-02-18,-0.047,-0.048,-0.04,-0.051,-0.07
2026-02-19,-0.047,-0.048,-0.046,-0.047,-0.04
2026-02-20,-0.048,-0.049,-0.042,-0.047,-0.04
2026-02-23,-0.048,-0.049,-0.035,-0.041,-0.04
2026-02-24,-0.048,-0.049,-0.05,-0.046,-0.04
2026-02-25,-0.049,-0.05,-0.058,-0.048,-0.04
2026-02-26,-0.049,-0.05,-0.07,-0.061,-0.04
2026-02-27,-0.049,-0.051,-0.035,-0.055,-0.08
2026-03-02,-0.05,-0.051,-0.032,-0.049,-0.04
2026-03-03,-0.05,-0.051,-0.038,-0.019,-0.04
2026-03-04,-0.05,-0.051,-0.006,-0.043,-0.04
2026-03-05,-0.051,-0.051,-0.041,-0.045,-0.04
2026-03-06,-0.055,-0.052,-0.037,-0.043,-0.04
2026-03-09,-0.056,-0.053,-0.049,-0.047,-0.04
2026-03-10,-0.056,-0.053,-0.042,-0.049,-0.04
2026-03-11,-0.057,-0.053,-0.05,-0.057,-0.04
2026-03-12,-0.057,-0.053,-0.027,-0.036,-0.04
2026-03-13,-0.057,-0.053,0.007,-0.034,-0.04
2026-03-16,-0.057,-0.053,-0.041,-0.035,-0.04
2026-03-17,-0.057,-0.054,-0.039,-0.037,-0.04
2026-03-18,-0.057,-0.054,-0.043,-0.05,-0.046
2026-03-19,-0.057,-0.054,-0.039,-0.04,-0.04
2026-03-20,-0.057,-0.054,-0.036,-0.023,-0.06
2026-03-23,-0.056,-0.054,-0.039,-0.041,-0.04
2026-03-24,-0.056,-0.054,-0.001,-0.027,-0.04
2026-03-25,-0.055,-0.054,-0.027,-0.046,-0.04
2026-03-26,-0.055,-0.054,-0.009,-0.036,-0.04
2026-03-27,-0.054,-0.054,-0.022,-0.033,-0.04
2026-03-30,-0.053,-0.054,-0.015,-0.045,-0.04
2026-03-31,-0.052,-0.053,-0.023,-0.054,-0.04
2026-04-01,-0.051,-0.053,-0.028,-0.015,-0.04
2026-04-02,-0.05,-0.052,-0.015,-0.015,-0.04
2026-04-07,-0.049,-0.052,-0.032,-0.037,-0.04
2026-04-08,-0.047,-0.051,-0.019,-0.03,-0.04
2026-04-09,-0.046,-0.051,-0.023,-0.045,-0.04
2026-04-10,-0.045,-0.05,-0.014,-0.031,-0.04
2026-04-13,-0.045,-0.05,-0.025,-0.018,-0.04
2026-04-14,-0.045,-0.05,-0.024,-0.049,-0.04
2026-04-15,-0.045,-0.05,-0.014,-0.03,-0.037
2026-04-16,-0.045,-0.05,0.005,-0.041,-0.04
2026-04-17,-0.044,-0.049,-0.004,-0.036,-0.04
2026-04-20,-0.044,-0.049,-0.026,-0.042,-0.04
2026-04-21,-0.044,-0.049,-0.022,-0.046,-0.04
2026-04-22,-0.044,-0.049,-0.016,-0.027,-0.04
2026-04-23,-0.043,-0.049,0.005,-0.043,-0.04
2026-04-24,-0.043,-0.049,-0.013,-0.047,-0.04
2026-04-27,-0.042,-0.049,-0.019,-0.045,-0.04
2026-04-28,-0.042,-0.049,-0.031,-0.037,-0.04
2026-04-29,-0.042,-0.048,-0.014,-0.034,-0.04
2026-04-30,-0.042,-0.047,0.003,-0.036,-0.04
2026-05-04,-0.042,-0.047,-0.013,-0.021,-0.04
2026-05-05,-0.042,-0.047,-0.021,-0.038,-0.04
2026-05-06,-0.042,-0.047,-0.006,-0.034,-0.04
2026-05-07,-0.042,-0.047,-0.015,-0.047,-0.04
2026-05-08,-0.042,-0.048,-0.017,-0.043,-0.04
2026-05-11,-0.042,-0.048,-0.025,-0.005,-0.035
2026-05-12,-0.042,-0.048,-0.026,-0.036,-0.035
2026-05-13,-0.043,-0.048,-0.028,-0.046,-0.035
2026-05-15,-0.043,-0.048,-0.006,-0.02,-0.035
2026-05-18,-0.043,-0.048,-0.031,-0.047,-0.035
2026-05-19,-0.044,-0.048,-0.032,-0.008,-0.035
2026-05-20,-0.044,-0.048,-0.029,-0.035,-0.04
2026-05-21,-0.044,-0.048,-0.026,-0.042,-0.045
2026-05-22,-0.044,-0.048,-0.012,-0.035,-0.045
2026-05-26,-0.045,-0.047,-0.032,-0.023,-0.035
2026-05-27,-0.045,-0.047,-0.034,-0.047,-0.045
2026-05-28,-0.046,-0.047,-0.023,-0.047,-0.045
2026-05-29,-0.047,-0.046,-0.023,-0.068,-0.045
2026-06-01,-0.046,-0.046,-0.02,-0.051,-0.045
2026-06-02,-0.046,-0.046,-0.011,-0.03,-0.045
2026-06-03,-0.046,-0.046,-0.016,-0.043,-0.045
2026-06-04,-0.046,-0.046,-0.01,-0.052,-0.045
2026-06-05,-0.046,-0.046,0.007,-0.047,-0.045
2026-06-08,-0.045,-0.045,-0.024,-0.026,-0.045
2026-06-09,-0.045,-0.044,-0.025,-0.049,-0.045
2026-06-10,-0.045,-0.044,-0.012,-0.026,-0.045
2026-06-11,-0.045,-0.044,0.006,-0.031,-0.045
2026-06-12,-0.044,-0.044,0.011,-0.032,-0.045
2026-06-15,-0.043,-0.044,-0.026,-0.022,-0.072
2026-06-16,-0.043,-0.043,0.014,-0.037,-0.045
2026-06-17,-0.042,-0.043,-0.023,-0.036,-0.045
2026-06-18,-0.042,-0.043,-0.043,-0.047,-0.06
2026-06-19,-0.041,-0.043,0.011,-0.034,-0.04
2026-06-22,-0.041,-0.043,-0.015,-0.02,-0.035
2026-06-23,-0.041,-0.043,-0.01,-0.006,-0.054
2026-06-24,-0.041,-0.043,-0.01,-0.028,-0.051
2026-06-25,-0.04,-0.043,-0.01,-0.031,-0.035
2026-06-26,-0.04,-0.043,-0.007,-0.043,-0.035
2026-06-29,-0.04,-0.043,-0.017,-0.029,-0.035
2026-06-30,-0.038,-0.042,-0.022,-0.03,-0.035
2026-07-01,-0.038,-0.042,-0.028,-0.026,-0.035
2026-07-02,-0.038,-0.042,-0.011,-0.017,-0.035
2026-07-03,-0.038,-0.042,-0.03,-0.022,-0.035
2026-07-06,-0.038,-0.042,-0.03,-0.047,-0.045
2026-07-07,-0.038,-0.042,-0.011,-0.025,-0.045
2026-07-08,-0.038,-0.042,-0.023,-0.034,-0.045
2026-07-09,-0.038,-0.042,-0.009,-0.028,-0.072
2026-07-10,-0.038,-0.042,-0.01,-0.03,-0.045
2026-07-13,-0.038,-0.042,-0.019,-0.038,-0.045
2026-07-14,-0.038,-0.042,-0.016,-0.037,-0.045
2026-07-15,-0.039,-0.042,-0.032,-0.036,-0.045
2026-07-16,-0.039,-0.042,-0.019,-0.039,-0.045
2026-07-17,-0.039,-0.042,-0.016,-0.015,-0.045
2026-07-20,-0.04,-0.042,-0.038,-0.026,-0.045
2026-07-21,-0.04,-0.042,-0.026,-0.016,-0.045
2026-07-22,-0.04,-0.042,-0.035,-0.027,-0.045
2026-07-23,-0.04,-0.042,0.01,-0.027,-0.045
2026-07-24,-0.04,-0.042,-0.016,-0.024,-0.045
2026-07-27,-0.041,-0.042,-0.036,-0.033,-0.045
2026-07-28,-0.041,-0.042,-0.021,-0.034,-0.045
2026-07-29,-0.041,-0.042,-0.041,-0.05,-0.045
2026-07-30,-0.04,-0.042,-0.008,-0.028,-0.045
2026-07-31,-0.041,-0.042,-0.031,-0.031,-0.045
2026-08-03,-0.041,-0.042,-0.01,-0.032,-0.045
2026-08-04,-0.042,-0.042,-0.023,-0.049,-0.045
2026-08-05,-0.044,-0.043,-0.035,-0.044,-0.045
2026-08-06,-0.044,-0.043,-0.009,-0.032,-0.045
2026-08-07,-0.045,-0.043,-0.012,-0.031,-0.045
2026-08-10,-0.046,-0.043,-0.034,-0.044,-0.045
2026-08-11,-0.046,-0.043,-0.032,-0.038,-0.045
2026-08-12,-0.047,-0.043,-0.026,-0.042,-0.045
2026-08-13,-0.047,-0.043,-0.003,-0.02,-0.045
2026-08-14,-0.048,-0.043,-0.022,-0.018,-0.045
