record_date,account_type,open_today_bal
"2026-09-04","Treasury General Account (TGA) Opening Balance","903928"
"2026-09-04","Total TGA Deposits (Table II)","17562"
"2026-09-04","Total TGA Withdrawals (Table II) (-)","32567"
"2026-09-04","Treasury General Account (TGA) Closing Balance","888923"
"2026-09-03","Treasury General Account (TGA) Opening Balance","944364"
"2026-09-03","Total TGA Deposits (Table II)","336240"
"2026-09-03","Total TGA Withdrawals (Table II) (-)","376676"
"2026-09-03","Treasury General Account (TGA) Closing Balance","903928"
"2026-09-02","Treasury General Account (TGA) Opening Balance","942793"
"2026-09-02","Total TGA Deposits (Table II)","22980"
"2026-09-02","Total TGA Withdrawals (Table II) (-)","21409"
"2026-09-02","Treasury General Account (TGA) Closing Balance","944364"
"2026-09-01","Treasury General Account (TGA) Opening Balance","1023554"
"2026-09-01","Total TGA Deposits (Table II)","319714"
"2026-09-01","Total TGA Withdrawals (Table II) (-)","400475"
"2026-09-01","Treasury General Account (TGA) Closing Balance","942793"
"2026-08-31","Treasury General Account (TGA) Opening Balance","971343"
"2026-08-31","Total TGA Deposits (Table II)","270397"
"2026-08-31","Total TGA Withdrawals (Table II) (-)","218186"
"2026-08-31","Treasury General Account (TGA) Closing Balance","1023554"
"2026-08-28","Treasury General Account (TGA) Opening Balance","950804"
"2026-08-28","Total TGA Deposits (Table II)","44528"
"2026-08-28","Total TGA Withdrawals (Table II) (-)","23989"
"2026-08-28","Treasury General Account (TGA) Closing Balance","971343"
"2026-08-27","Treasury General Account (TGA) Opening Balance","959435"
"2026-08-27","Total TGA Deposits (Table II)","288576"
"2026-08-27","Total TGA Withdrawals (Table II) (-)","297207"
"2026-08-27","Treasury General Account (TGA) Closing Balance","950804"
"2026-08-26","Treasury General Account (TGA) Opening Balance","994137"
"2026-08-26","Total TGA Deposits (Table II)","18341"
"2026-08-26","Total TGA Withdrawals (Table II) (-)","53043"
"2026-08-26","Treasury General Account (TGA) Closing Balance","959435"
"2026-08-25","Treasury General Account (TGA) Opening Balance","966849"
"2026-08-25","Total TGA Deposits (Table II)","313926"
"2026-08-25","Total TGA Withdrawals (Table II) (-)","286638"
"2026-08-25","Treasury General Account (TGA) Closing Balance","994137"
"2026-08-24","Treasury General Account (TGA) Opening Balance","933218"
"2026-08-24","Total TGA Deposits (Table II)","50397"
"2026-08-24","Total TGA Withdrawals (Table II) (-)","16765"
"2026-08-24","Treasury General Account (TGA) Closing Balance","966849"
"2026-08-21","Treasury General Account (TGA) Opening Balance","935077"
"2026-08-21","Total TGA Deposits (Table II)","15764"
"2026-08-21","Total TGA Withdrawals (Table II) (-)","17623"
"2026-08-21","Treasury General Account (TGA) Closing Balance","933218"
"2026-08-20","Treasury General Account (TGA) Opening Balance","936406"
"2026-08-20","Total TGA Deposits (Table II)","295501"
"2026-08-20","Total TGA Withdrawals (Table II) (-)","296830"
"2026-08-20","Treasury General Account (TGA) Closing Balance","935077"
"2026-08-19","Treasury General Account (TGA) Opening Balance","961952"
"2026-08-19","Total TGA Deposits (Table II)","23396"
"2026-08-19","Total TGA Withdrawals (Table II) (-)","48942"
"2026-08-19","Treasury General Account (TGA) Closing Balance","936406"
"2026-08-18","Treasury General Account (TGA) Opening Balance","932785"
"2026-08-18","Total TGA Deposits (Table II)","315449"
"2026-08-18","Total TGA Withdrawals (Table II) (-)","286282"
"2026-08-18","Treasury General Account (TGA) Closing Balance","961952"
"2026-08-17","Treasury General Account (TGA) Opening Balance","959184"
"2026-08-17","Total TGA Deposits (Table II)","205240"
"2026-08-17","Total TGA Withdrawals (Table II) (-)","231639"
"2026-08-17","Treasury General Account (TGA) Closing Balance","932785"
"2026-08-14","Treasury General Account (TGA) Opening Balance","966587"
"2026-08-14","Total TGA Deposits (Table II)","19092"
"2026-08-14","Total TGA Withdrawals (Table II) (-)","26495"
"2026-08-14","Treasury General Account (TGA) Closing Balance","959184"
"2026-08-13","Treasury General Account (TGA) Opening Balance","959405"
"2026-08-13","Total TGA Deposits (Table II)","289110"
"2026-08-13","Total TGA Withdrawals (Table II) (-)","281928"
"2026-08-13","Treasury General Account (TGA) Closing Balance","966587"
"2026-08-12","Treasury General Account (TGA) Opening Balance","997330"
"2026-08-12","Total TGA Deposits (Table II)","17279"
"2026-08-12","Total TGA Withdrawals (Table II) (-)","55204"
"2026-08-12","Treasury General Account (TGA) Closing Balance","959405"
"2026-08-11","Treasury General Account (TGA) Opening Balance","966851"
"2026-08-11","Total TGA Deposits (Table II)","307531"
"2026-08-11","Total TGA Withdrawals (Table II) (-)","277052"
"2026-08-11","Treasury General Account (TGA) Closing Balance","997330"
"2026-08-10","Treasury General Account (TGA) Opening Balance","954113"
"2026-08-10","Total TGA Deposits (Table II)","30086"
"2026-08-10","Total TGA Withdrawals (Table II) (-)","17348"
"2026-08-10","Treasury General Account (TGA) Closing Balance","966851"
"2026-08-07","Treasury General Account (TGA) Opening Balance","961726"
"2026-08-07","Total TGA Deposits (Table II)","14542"
"2026-08-07","Total TGA Withdrawals (Table II) (-)","22155"
"2026-08-07","Treasury General Account (TGA) Closing Balance","954113"
"2026-08-06","Treasury General Account (TGA) Opening Balance","929325"
"2026-08-06","Total TGA Deposits (Table II)","350416"
"2026-08-06","Total TGA Withdrawals (Table II) (-)","318015"
"2026-08-06","Treasury General Account (TGA) Closing Balance","961726"
"2026-08-05","Treasury General Account (TGA) Opening Balance","924219"
"2026-08-05","Total TGA Deposits (Table II)","21365"
"2026-08-05","Total TGA Withdrawals (Table II) (-)","16259"
"2026-08-05","Treasury General Account (TGA) Closing Balance","929325"
"2026-08-04","Treasury General Account (TGA) Opening Balance","870083"
"2026-08-04","Total TGA Deposits (Table II)","312260"
"2026-08-04","Total TGA Withdrawals (Table II) (-)","258123"
"2026-08-04","Treasury General Account (TGA) Closing Balance","924219"
"2026-08-03","Treasury General Account (TGA) Opening Balance","876566"
"2026-08-03","Total TGA Deposits (Table II)","59203"
"2026-08-03","Total TGA Withdrawals (Table II) (-)","65686"
"2026-08-03","Treasury General Account (TGA) Closing Balance","870083"
"2026-07-31","Treasury General Account (TGA) Opening Balance","997946"
"2026-07-31","Total TGA Deposits (Table II)","281854"
"2026-07-31","Total TGA Withdrawals (Table II) (-)","403235"
"2026-07-31","Treasury General Account (TGA) Closing Balance","876566"
"2026-07-30","Treasury General Account (TGA) Opening Balance","970442"
"2026-07-30","Total TGA Deposits (Table II)","293729"
"2026-07-30","Total TGA Withdrawals (Table II) (-)","266225"
"2026-07-30","Treasury General Account (TGA) Closing Balance","997946"
"2026-07-29","Treasury General Account (TGA) Opening Balance","966136"
"2026-07-29","Total TGA Deposits (Table II)","22514"
"2026-07-29","Total TGA Withdrawals (Table II) (-)","18208"
"2026-07-29","Treasury General Account (TGA) Closing Balance","970442"
"2026-07-28","Treasury General Account (TGA) Opening Balance","902751"
"2026-07-28","Total TGA Deposits (Table II)","309447"
"2026-07-28","Total TGA Withdrawals (Table II) (-)","246062"
"2026-07-28","Treasury General Account (TGA) Closing Balance","966136"
"2026-07-27","Treasury General Account (TGA) Opening Balance","886300"
"2026-07-27","Total TGA Deposits (Table II)","33776"
"2026-07-27","Total TGA Withdrawals (Table II) (-)","17325"
"2026-07-27","Treasury General Account (TGA) Closing Balance","902751"
"2026-07-24","Treasury General Account (TGA) Opening Balance","877201"
"2026-07-24","Total TGA Deposits (Table II)","27042"
"2026-07-24","Total TGA Withdrawals (Table II) (-)","17944"
"2026-07-24","Treasury General Account (TGA) Closing Balance","886300"
"2026-07-23","Treasury General Account (TGA) Opening Balance","835417"
"2026-07-23","Total TGA Deposits (Table II)","308468"
"2026-07-23","Total TGA Withdrawals (Table II) (-)","266684"
"2026-07-23","Treasury General Account (TGA) Closing Balance","877201"
"2026-07-22","Treasury General Account (TGA) Opening Balance","874980"
"2026-07-22","Total TGA Deposits (Table II)","18798"
"2026-07-22","Total TGA Withdrawals (Table II) (-)","58360"
"2026-07-22","Treasury General Account (TGA) Closing Balance","835417"
"2026-07-21","Treasury General Account (TGA) Opening Balance","828197"
"2026-07-21","Total TGA Deposits (Table II)","310515"
"2026-07-21","Total TGA Withdrawals (Table II) (-)","263732"
"2026-07-21","Treasury General Account (TGA) Closing Balance","874980"
"2026-07-20","Treasury General Account (TGA) Opening Balance","815418"
"2026-07-20","Total TGA Deposits (Table II)","32881"
"2026-07-20","Total TGA Withdrawals (Table II) (-)","20103"
"2026-07-20","Treasury General Account (TGA) Closing Balance","828197"
"2026-07-17","Treasury General Account (TGA) Opening Balance","822510"
"2026-07-17","Total TGA Deposits (Table II)","14393"
"2026-07-17","Total TGA Withdrawals (Table II) (-)","21484"
"2026-07-17","Treasury General Account (TGA) Closing Balance","815418"
"2026-07-16","Treasury General Account (TGA) Opening Balance","795976"
"2026-07-16","Total TGA Deposits (Table II)","298520"
"2026-07-16","Total TGA Withdrawals (Table II) (-)","271986"
"2026-07-16","Treasury General Account (TGA) Closing Balance","822510"
"2026-07-15","Treasury General Account (TGA) Opening Balance","787814"
"2026-07-15","Total TGA Deposits (Table II)","164297"
"2026-07-15","Total TGA Withdrawals (Table II) (-)","156135"
"2026-07-15","Treasury General Account (TGA) Closing Balance","795976"
"2026-07-14","Treasury General Account (TGA) Opening Balance","750282"
"2026-07-14","Total TGA Deposits (Table II)","300990"
"2026-07-14","Total TGA Withdrawals (Table II) (-)","263458"
"2026-07-14","Treasury General Account (TGA) Closing Balance","787814"
"2026-07-13","Treasury General Account (TGA) Opening Balance","738273"
"2026-07-13","Total TGA Deposits (Table II)","31143"
"2026-07-13","Total TGA Withdrawals (Table II) (-)","19134"
"2026-07-13","Treasury General Account (TGA) Closing Balance","750282"
"2026-07-10","Treasury General Account (TGA) Opening Balance","744637"
"2026-07-10","Total TGA Deposits (Table II)","14755"
"2026-07-10","Total TGA Withdrawals (Table II) (-)","21120"
"2026-07-10","Treasury General Account (TGA) Closing Balance","738273"
"2026-07-09","Treasury General Account (TGA) Opening Balance","749244"
"2026-07-09","Total TGA Deposits (Table II)","335959"
"2026-07-09","Total TGA Withdrawals (Table II) (-)","340566"
"2026-07-09","Treasury General Account (TGA) Closing Balance","744637"
"2026-07-08","Treasury General Account (TGA) Opening Balance","784964"
"2026-07-08","Total TGA Deposits (Table II)","18298"
"2026-07-08","Total TGA Withdrawals (Table II) (-)","54019"
"2026-07-08","Treasury General Account (TGA) Closing Balance","749244"
"2026-07-07","Treasury General Account (TGA) Opening Balance","783107"
"2026-07-07","Total TGA Deposits (Table II)","262298"
"2026-07-07","Total TGA Withdrawals (Table II) (-)","260441"
"2026-07-07","Treasury General Account (TGA) Closing Balance","784964"
"2026-07-06","Treasury General Account (TGA) Opening Balance","776843"
"2026-07-06","Total TGA Deposits (Table II)","28574"
"2026-07-06","Total TGA Withdrawals (Table II) (-)","22311"
"2026-07-06","Treasury General Account (TGA) Closing Balance","783107"
"2026-07-03","Treasury General Account (TGA) Opening Balance","770587"
"2026-07-03","Total TGA Deposits (Table II)","14572"
"2026-07-03","Total TGA Withdrawals (Table II) (-)","8315"
"2026-07-03","Treasury General Account (TGA) Closing Balance","776843"
"2026-07-02","Treasury General Account (TGA) Opening Balance","807359"
"2026-07-02","Total TGA Deposits (Table II)","283480"
"2026-07-02","Total TGA Withdrawals (Table II) (-)","320253"
"2026-07-02","Treasury General Account (TGA) Closing Balance","770587"
"2026-07-01","Treasury General Account (TGA) Opening Balance","919145"
"2026-07-01","Total TGA Deposits (Table II)","43064"
"2026-07-01","Total TGA Withdrawals (Table II) (-)","154850"
"2026-07-01","Treasury General Account (TGA) Closing Balance","807359"
"2026-06-30","Treasury General Account (TGA) Opening Balance","876961"
"2026-06-30","Total TGA Deposits (Table II)","494841"
"2026-06-30","Total TGA Withdrawals (Table II) (-)","452657"
"2026-06-30","Treasury General Account (TGA) Closing Balance","919145"
"2026-06-29","Treasury General Account (TGA) Opening Balance","895576"
"2026-06-29","Total TGA Deposits (Table II)","33876"
"2026-06-29","Total TGA Withdrawals (Table II) (-)","52491"
"2026-06-29","Treasury General Account (TGA) Closing Balance","876961"
"2026-06-26","Treasury General Account (TGA) Opening Balance","871469"
"2026-06-26","Total TGA Deposits (Table II)","45318"
"2026-06-26","Total TGA Withdrawals (Table II) (-)","21210"
"2026-06-26","Treasury General Account (TGA) Closing Balance","895576"
"2026-06-25","Treasury General Account (TGA) Opening Balance","901845"
"2026-06-25","Total TGA Deposits (Table II)","258447"
"2026-06-25","Total TGA Withdrawals (Table II) (-)","288823"
"2026-06-25","Treasury General Account (TGA) Closing Balance","871469"
"2026-06-24","Treasury General Account (TGA) Opening Balance","925876"
"2026-06-24","Total TGA Deposits (Table II)","27014"
"2026-06-24","Total TGA Withdrawals (Table II) (-)","51046"
"2026-06-24","Treasury General Account (TGA) Closing Balance","901845"
"2026-06-23","Treasury General Account (TGA) Opening Balance","942815"
"2026-06-23","Total TGA Deposits (Table II)","262522"
"2026-06-23","Total TGA Withdrawals (Table II) (-)","279461"
"2026-06-23","Treasury General Account (TGA) Closing Balance","925876"
"2026-06-22","Treasury General Account (TGA) Opening Balance","915085"
"2026-06-22","Total TGA Deposits (Table II)","60855"
"2026-06-22","Total TGA Withdrawals (Table II) (-)","33125"
"2026-06-22","Treasury General Account (TGA) Closing Balance","942815"
"2026-06-18","Treasury General Account (TGA) Opening Balance","956502"
"2026-06-18","Total TGA Deposits (Table II)","267105"
"2026-06-18","Total TGA Withdrawals (Table II) (-)","308523"
"2026-06-18","Treasury General Account (TGA) Closing Balance","915085"
"2026-06-17","Treasury General Account (TGA) Opening Balance","981113"
"2026-06-17","Total TGA Deposits (Table II)","26126"
"2026-06-17","Total TGA Withdrawals (Table II) (-)","50738"
"2026-06-17","Treasury General Account (TGA) Closing Balance","956502"
"2026-06-16","Treasury General Account (TGA) Opening Balance","979791"
"2026-06-16","Total TGA Deposits (Table II)","271427"
"2026-06-16","Total TGA Withdrawals (Table II) (-)","270105"
"2026-06-16","Treasury General Account (TGA) Closing Balance","981113"
"2026-06-15","Treasury General Account (TGA) Opening Balance","816023"
"2026-06-15","Total TGA Deposits (Table II)","234538"
"2026-06-15","Total TGA Withdrawals (Table II) (-)","70770"
"2026-06-15","Treasury General Account (TGA) Closing Balance","979791"
"2026-06-12","Treasury General Account (TGA) Opening Balance","799517"
"2026-06-12","Total TGA Deposits (Table II)","46695"
"2026-06-12","Total TGA Withdrawals (Table II) (-)","30188"
"2026-06-12","Treasury General Account (TGA) Closing Balance","816023"
"2026-06-11","Treasury General Account (TGA) Opening Balance","801084"
"2026-06-11","Total TGA Deposits (Table II)","321512"
"2026-06-11","Total TGA Withdrawals (Table II) (-)","323080"
"2026-06-11","Treasury General Account (TGA) Closing Balance","799517"
"2026-06-10","Treasury General Account (TGA) Opening Balance","830399"
"2026-06-10","Total TGA Deposits (Table II)","27211"
"2026-06-10","Total TGA Withdrawals (Table II) (-)","56525"
"2026-06-10","Treasury General Account (TGA) Closing Balance","801084"
"2026-06-09","Treasury General Account (TGA) Opening Balance","844229"
"2026-06-09","Total TGA Deposits (Table II)","247518"
"2026-06-09","Total TGA Withdrawals (Table II) (-)","261349"
"2026-06-09","Treasury General Account (TGA) Closing Balance","830399"
"2026-06-08","Treasury General Account (TGA) Opening Balance","825540"
"2026-06-08","Total TGA Deposits (Table II)","38313"
"2026-06-08","Total TGA Withdrawals (Table II) (-)","19623"
"2026-06-08","Treasury General Account (TGA) Closing Balance","844229"
"2026-06-05","Treasury General Account (TGA) Opening Balance","844521"
"2026-06-05","Total TGA Deposits (Table II)","15580"
"2026-06-05","Total TGA Withdrawals (Table II) (-)","34561"
"2026-06-05","Treasury General Account (TGA) Closing Balance","825540"
"2026-06-04","Treasury General Account (TGA) Opening Balance","845722"
"2026-06-04","Total TGA Deposits (Table II)","266134"
"2026-06-04","Total TGA Withdrawals (Table II) (-)","267334"
"2026-06-04","Treasury General Account (TGA) Closing Balance","844521"
"2026-06-03","Treasury General Account (TGA) Opening Balance","866075"
"2026-06-03","Total TGA Deposits (Table II)","24707"
"2026-06-03","Total TGA Withdrawals (Table II) (-)","45061"
"2026-06-03","Treasury General Account (TGA) Closing Balance","845722"
"2026-06-02","Treasury General Account (TGA) Opening Balance","856842"
"2026-06-02","Total TGA Deposits (Table II)","263280"
"2026-06-02","Total TGA Withdrawals (Table II) (-)","254047"
"2026-06-02","Treasury General Account (TGA) Closing Balance","866075"
"2026-06-01","Treasury General Account (TGA) Opening Balance","903881"
"2026-06-01","Total TGA Deposits (Table II)","280267"
"2026-06-01","Total TGA Withdrawals (Table II) (-)","327307"
"2026-06-01","Treasury General Account (TGA) Closing Balance","856842"
"2026-05-29","Treasury General Account (TGA) Opening Balance","849710"
"2026-05-29","Total TGA Deposits (Table II)","68288"
"2026-05-29","Total TGA Withdrawals (Table II) (-)","14117"
"2026-05-29","Treasury General Account (TGA) Closing Balance","903881"
"2026-05-28","Treasury General Account (TGA) Opening Balance","842660"
"2026-05-28","Total TGA Deposits (Table II)","279622"
"2026-05-28","Total TGA Withdrawals (Table II) (-)","272572"
"2026-05-28","Treasury General Account (TGA) Closing Balance","849710"
"2026-05-27","Treasury General Account (TGA) Opening Balance","881329"
"2026-05-27","Total TGA Deposits (Table II)","13328"
"2026-05-27","Total TGA Withdrawals (Table II) (-)","51997"
"2026-05-27","Treasury General Account (TGA) Closing Balance","842660"
"2026-05-26","Treasury General Account (TGA) Opening Balance","825550"
"2026-05-26","Total TGA Deposits (Table II)","314691"
"2026-05-26","Total TGA Withdrawals (Table II) (-)","258912"
"2026-05-26","Treasury General Account (TGA) Closing Balance","881329"
"2026-05-22","Treasury General Account (TGA) Opening Balance","785882"
"2026-05-22","Total TGA Deposits (Table II)","57786"
"2026-05-22","Total TGA Withdrawals (Table II) (-)","18118"
"2026-05-22","Treasury General Account (TGA) Closing Balance","825550"
"2026-05-21","Treasury General Account (TGA) Opening Balance","781979"
"2026-05-21","Total TGA Deposits (Table II)","275602"
"2026-05-21","Total TGA Withdrawals (Table II) (-)","271699"
"2026-05-21","Treasury General Account (TGA) Closing Balance","785882"
"2026-05-20","Treasury General Account (TGA) Opening Balance","822275"
"2026-05-20","Total TGA Deposits (Table II)","21204"
"2026-05-20","Total TGA Withdrawals (Table II) (-)","61499"
"2026-05-20","Treasury General Account (TGA) Closing Balance","781979"
"2026-05-19","Treasury General Account (TGA) Opening Balance","785925"
"2026-05-19","Total TGA Deposits (Table II)","293814"
"2026-05-19","Total TGA Withdrawals (Table II) (-)","257464"
"2026-05-19","Treasury General Account (TGA) Closing Balance","822275"
"2026-05-18","Treasury General Account (TGA) Opening Balance","758819"
"2026-05-18","Total TGA Deposits (Table II)","44865"
"2026-05-18","Total TGA Withdrawals (Table II) (-)","17759"
"2026-05-18","Treasury General Account (TGA) Closing Balance","785925"
"2026-05-15","Treasury General Account (TGA) Opening Balance","802412"
"2026-05-15","Total TGA Deposits (Table II)","182579"
"2026-05-15","Total TGA Withdrawals (Table II) (-)","226172"
"2026-05-15","Treasury General Account (TGA) Closing Balance","758819"
"2026-05-14","Treasury General Account (TGA) Opening Balance","807420"
"2026-05-14","Total TGA Deposits (Table II)","324909"
"2026-05-14","Total TGA Withdrawals (Table II) (-)","329917"
"2026-05-14","Treasury General Account (TGA) Closing Balance","802412"
"2026-05-13","Treasury General Account (TGA) Opening Balance","844036"
"2026-05-13","Total TGA Deposits (Table II)","16744"
"2026-05-13","Total TGA Withdrawals (Table II) (-)","53360"
"2026-05-13","Treasury General Account (TGA) Closing Balance","807420"
"2026-05-12","Treasury General Account (TGA) Opening Balance","854589"
"2026-05-12","Total TGA Deposits (Table II)","260464"
"2026-05-12","Total TGA Withdrawals (Table II) (-)","271017"
"2026-05-12","Treasury General Account (TGA) Closing Balance","844036"
"2026-05-11","Treasury General Account (TGA) Opening Balance","839161"
"2026-05-11","Total TGA Deposits (Table II)","35483"
"2026-05-11","Total TGA Withdrawals (Table II) (-)","20054"
"2026-05-11","Treasury General Account (TGA) Closing Balance","854589"
"2026-05-08","Treasury General Account (TGA) Opening Balance","846562"
"2026-05-08","Total TGA Deposits (Table II)","18392"
"2026-05-08","Total TGA Withdrawals (Table II) (-)","25793"
"2026-05-08","Treasury General Account (TGA) Closing Balance","839161"
"2026-05-07","Treasury General Account (TGA) Opening Balance","862757"
"2026-05-07","Total TGA Deposits (Table II)","265366"
"2026-05-07","Total TGA Withdrawals (Table II) (-)","281561"
"2026-05-07","Treasury General Account (TGA) Closing Balance","846562"
"2026-05-06","Treasury General Account (TGA) Opening Balance","860287"
"2026-05-06","Total TGA Deposits (Table II)","22697"
"2026-05-06","Total TGA Withdrawals (Table II) (-)","20227"
"2026-05-06","Treasury General Account (TGA) Closing Balance","862757"
"2026-05-05","Treasury General Account (TGA) Opening Balance","879968"
"2026-05-05","Total TGA Deposits (Table II)","247798"
"2026-05-05","Total TGA Withdrawals (Table II) (-)","267479"
"2026-05-05","Treasury General Account (TGA) Closing Balance","860287"
"2026-05-04","Treasury General Account (TGA) Opening Balance","857311"
"2026-05-04","Total TGA Deposits (Table II)","39449"
"2026-05-04","Total TGA Withdrawals (Table II) (-)","16792"
"2026-05-04","Treasury General Account (TGA) Closing Balance","879968"
"2026-05-01","Treasury General Account (TGA) Opening Balance","969383"
"2026-05-01","Total TGA Deposits (Table II)","43050"
"2026-05-01","Total TGA Withdrawals (Table II) (-)","155122"
"2026-05-01","Treasury General Account (TGA) Closing Balance","857311"
"2026-04-30","Treasury General Account (TGA) Opening Balance","988102"
"2026-04-30","Total TGA Deposits (Table II)","563836"
"2026-04-30","Total TGA Withdrawals (Table II) (-)","582555"
"2026-04-30","Treasury General Account (TGA) Closing Balance","969383"
"2026-04-29","Treasury General Account (TGA) Opening Balance","990422"
"2026-04-29","Total TGA Deposits (Table II)","25891"
"2026-04-29","Total TGA Withdrawals (Table II) (-)","28211"
"2026-04-29","Treasury General Account (TGA) Closing Balance","988102"
"2026-04-28","Treasury General Account (TGA) Opening Balance","1002382"
"2026-04-28","Total TGA Deposits (Table II)","263294"
"2026-04-28","Total TGA Withdrawals (Table II) (-)","275255"
"2026-04-28","Treasury General Account (TGA) Closing Balance","990422"
"2026-04-27","Treasury General Account (TGA) Opening Balance","974251"
"2026-04-27","Total TGA Deposits (Table II)","45966"
"2026-04-27","Total TGA Withdrawals (Table II) (-)","17835"
"2026-04-27","Treasury General Account (TGA) Closing Balance","1002382"
"2026-04-24","Treasury General Account (TGA) Opening Balance","969844"
"2026-04-24","Total TGA Deposits (Table II)","25794"
"2026-04-24","Total TGA Withdrawals (Table II) (-)","21388"
"2026-04-24","Treasury General Account (TGA) Closing Balance","974251"
"2026-04-23","Treasury General Account (TGA) Opening Balance","1007172"
"2026-04-23","Total TGA Deposits (Table II)","272244"
"2026-04-23","Total TGA Withdrawals (Table II) (-)","309572"
"2026-04-23","Treasury General Account (TGA) Closing Balance","969844"
"2026-04-22","Treasury General Account (TGA) Opening Balance","1029510"
"2026-04-22","Total TGA Deposits (Table II)","51277"
"2026-04-22","Total TGA Withdrawals (Table II) (-)","73615"
"2026-04-22","Treasury General Account (TGA) Closing Balance","1007172"
"2026-04-21","Treasury General Account (TGA) Opening Balance","1038035"
"2026-04-21","Total TGA Deposits (Table II)","269503"
"2026-04-21","Total TGA Withdrawals (Table II) (-)","278028"
"2026-04-21","Treasury General Account (TGA) Closing Balance","1029510"
"2026-04-20","Treasury General Account (TGA) Opening Balance","998636"
"2026-04-20","Total TGA Deposits (Table II)","57658"
"2026-04-20","Total TGA Withdrawals (Table II) (-)","18259"
"2026-04-20","Treasury General Account (TGA) Closing Balance","1038035"
"2026-04-17","Treasury General Account (TGA) Opening Balance","971155"
"2026-04-17","Total TGA Deposits (Table II)","62607"
"2026-04-17","Total TGA Withdrawals (Table II) (-)","35126"
"2026-04-17","Treasury General Account (TGA) Closing Balance","998636"
"2026-04-16","Treasury General Account (TGA) Opening Balance","924435"
"2026-04-16","Total TGA Deposits (Table II)","381713"
"2026-04-16","Total TGA Withdrawals (Table II) (-)","334993"
"2026-04-16","Treasury General Account (TGA) Closing Balance","971155"
"2026-04-15","Treasury General Account (TGA) Opening Balance","779506"
"2026-04-15","Total TGA Deposits (Table II)","313370"
"2026-04-15","Total TGA Withdrawals (Table II) (-)","168441"
"2026-04-15","Treasury General Account (TGA) Closing Balance","924435"
"2026-04-14","Treasury General Account (TGA) Opening Balance","758910"
"2026-04-14","Total TGA Deposits (Table II)","308054"
"2026-04-14","Total TGA Withdrawals (Table II) (-)","287458"
"2026-04-14","Treasury General Account (TGA) Closing Balance","779506"
"2026-04-13","Treasury General Account (TGA) Opening Balance","703218"
"2026-04-13","Total TGA Deposits (Table II)","75880"
"2026-04-13","Total TGA Withdrawals (Table II) (-)","20188"
"2026-04-13","Treasury General Account (TGA) Closing Balance","758910"
"2026-04-10","Treasury General Account (TGA) Opening Balance","686969"
"2026-04-10","Total TGA Deposits (Table II)","43439"
"2026-04-10","Total TGA Withdrawals (Table II) (-)","27191"
"2026-04-10","Treasury General Account (TGA) Closing Balance","703218"
"2026-04-09","Treasury General Account (TGA) Opening Balance","697079"
"2026-04-09","Total TGA Deposits (Table II)","274618"
"2026-04-09","Total TGA Withdrawals (Table II) (-)","284727"
"2026-04-09","Treasury General Account (TGA) Closing Balance","686969"
"2026-04-08","Treasury General Account (TGA) Opening Balance","728227"
"2026-04-08","Total TGA Deposits (Table II)","27848"
"2026-04-08","Total TGA Withdrawals (Table II) (-)","58996"
"2026-04-08","Treasury General Account (TGA) Closing Balance","697079"
"2026-04-07","Treasury General Account (TGA) Opening Balance","775433"
"2026-04-07","Total TGA Deposits (Table II)","246048"
"2026-04-07","Total TGA Withdrawals (Table II) (-)","293253"
"2026-04-07","Treasury General Account (TGA) Closing Balance","728227"
"2026-04-06","Treasury General Account (TGA) Opening Balance","753938"
"2026-04-06","Total TGA Deposits (Table II)","37543"
"2026-04-06","Total TGA Withdrawals (Table II) (-)","16048"
"2026-04-06","Treasury General Account (TGA) Closing Balance","775433"
"2026-04-03","Treasury General Account (TGA) Opening Balance","776076"
"2026-04-03","Total TGA Deposits (Table II)","21405"
"2026-04-03","Total TGA Withdrawals (Table II) (-)","43543"
"2026-04-03","Treasury General Account (TGA) Closing Balance","753938"
"2026-04-02","Treasury General Account (TGA) Opening Balance","803553"
"2026-04-02","Total TGA Deposits (Table II)","273357"
"2026-04-02","Total TGA Withdrawals (Table II) (-)","300834"
"2026-04-02","Treasury General Account (TGA) Closing Balance","776076"
"2026-04-01","Treasury General Account (TGA) Opening Balance","893000"
"2026-04-01","Total TGA Deposits (Table II)","44981"
"2026-04-01","Total TGA Withdrawals (Table II) (-)","134428"
"2026-04-01","Treasury General Account (TGA) Closing Balance","803553"
"2026-03-31","Treasury General Account (TGA) Opening Balance","868478"
"2026-03-31","Total TGA Deposits (Table II)","496155"
"2026-03-31","Total TGA Withdrawals (Table II) (-)","471633"
"2026-03-31","Treasury General Account (TGA) Closing Balance","893000"
"2026-03-30","Treasury General Account (TGA) Opening Balance","848655"
"2026-03-30","Total TGA Deposits (Table II)","41713"
"2026-03-30","Total TGA Withdrawals (Table II) (-)","21890"
"2026-03-30","Treasury General Account (TGA) Closing Balance","868478"
"2026-03-27","Treasury General Account (TGA) Opening Balance","823031"
"2026-03-27","Total TGA Deposits (Table II)","47888"
"2026-03-27","Total TGA Withdrawals (Table II) (-)","22264"
"2026-03-27","Treasury General Account (TGA) Closing Balance","848655"
"2026-03-26","Treasury General Account (TGA) Opening Balance","837412"
"2026-03-26","Total TGA Deposits (Table II)","269001"
"2026-03-26","Total TGA Withdrawals (Table II) (-)","283382"
"2026-03-26","Treasury General Account (TGA) Closing Balance","823031"
"2026-03-25","Treasury General Account (TGA) Opening Balance","876206"
"2026-03-25","Total TGA Deposits (Table II)","19640"
"2026-03-25","Total TGA Withdrawals (Table II) (-)","58434"
"2026-03-25","Treasury General Account (TGA) Closing Balance","837412"
"2026-03-24","Treasury General Account (TGA) Opening Balance","909509"
"2026-03-24","Total TGA Deposits (Table II)","259082"
"2026-03-24","Total TGA Withdrawals (Table II) (-)","292385"
"2026-03-24","Treasury General Account (TGA) Closing Balance","876206"
"2026-03-23","Treasury General Account (TGA) Opening Balance","870864"
"2026-03-23","Total TGA Deposits (Table II)","56488"
"2026-03-23","Total TGA Withdrawals (Table II) (-)","17843"
"2026-03-23","Treasury General Account (TGA) Closing Balance","909509"
"2026-03-20","Treasury General Account (TGA) Opening Balance","882822"
"2026-03-20","Total TGA Deposits (Table II)","18005"
"2026-03-20","Total TGA Withdrawals (Table II) (-)","29963"
"2026-03-20","Treasury General Account (TGA) Closing Balance","870864"
"2026-03-19","Treasury General Account (TGA) Opening Balance","875833"
"2026-03-19","Total TGA Deposits (Table II)","335309"
"2026-03-19","Total TGA Withdrawals (Table II) (-)","328320"
"2026-03-19","Treasury General Account (TGA) Closing Balance","882822"
"2026-03-18","Treasury General Account (TGA) Opening Balance","929668"
"2026-03-18","Total TGA Deposits (Table II)","20951"
"2026-03-18","Total TGA Withdrawals (Table II) (-)","74786"
"2026-03-18","Treasury General Account (TGA) Closing Balance","875833"
"2026-03-17","Treasury General Account (TGA) Opening Balance","937577"
"2026-03-17","Total TGA Deposits (Table II)","279075"
"2026-03-17","Total TGA Withdrawals (Table II) (-)","286984"
"2026-03-17","Treasury General Account (TGA) Closing Balance","929668"
"2026-03-16","Treasury General Account (TGA) Opening Balance","806335"
"2026-03-16","Total TGA Deposits (Table II)","195826"
"2026-03-16","Total TGA Withdrawals (Table II) (-)","64585"
"2026-03-16","Treasury General Account (TGA) Closing Balance","937577"
"2026-03-13","Treasury General Account (TGA) Opening Balance","809284"
"2026-03-13","Total TGA Deposits (Table II)","28680"
"2026-03-13","Total TGA Withdrawals (Table II) (-)","31629"
"2026-03-13","Treasury General Account (TGA) Closing Balance","806335"
"2026-03-12","Treasury General Account (TGA) Opening Balance","805806"
"2026-03-12","Total TGA Deposits (Table II)","286038"
"2026-03-12","Total TGA Withdrawals (Table II) (-)","282560"
"2026-03-12","Treasury General Account (TGA) Closing Balance","809284"
"2026-03-11","Treasury General Account (TGA) Opening Balance","862841"
"2026-03-11","Total TGA Deposits (Table II)","23634"
"2026-03-11","Total TGA Withdrawals (Table II) (-)","80669"
"2026-03-11","Treasury General Account (TGA) Closing Balance","805806"
"2026-03-10","Treasury General Account (TGA) Opening Balance","858548"
"2026-03-10","Total TGA Deposits (Table II)","287104"
"2026-03-10","Total TGA Withdrawals (Table II) (-)","282811"
"2026-03-10","Treasury General Account (TGA) Closing Balance","862841"
"2026-03-09","Treasury General Account (TGA) Opening Balance","833086"
"2026-03-09","Total TGA Deposits (Table II)","44750"
"2026-03-09","Total TGA Withdrawals (Table II) (-)","19289"
"2026-03-09","Treasury General Account (TGA) Closing Balance","858548"
"2026-03-06","Treasury General Account (TGA) Opening Balance","840850"
"2026-03-06","Total TGA Deposits (Table II)","17677"
"2026-03-06","Total TGA Withdrawals (Table II) (-)","25440"
"2026-03-06","Treasury General Account (TGA) Closing Balance","833086"
"2026-03-05","Treasury General Account (TGA) Opening Balance","846979"
"2026-03-05","Total TGA Deposits (Table II)","273574"
"2026-03-05","Total TGA Withdrawals (Table II) (-)","279703"
"2026-03-05","Treasury General Account (TGA) Closing Balance","840850"
"2026-03-04","Treasury General Account (TGA) Opening Balance","859738"
"2026-03-04","Total TGA Deposits (Table II)","23806"
"2026-03-04","Total TGA Withdrawals (Table II) (-)","36565"
"2026-03-04","Treasury General Account (TGA) Closing Balance","846979"
"2026-03-03","Treasury General Account (TGA) Opening Balance","871377"
"2026-03-03","Total TGA Deposits (Table II)","293801"
"2026-03-03","Total TGA Withdrawals (Table II) (-)","305439"
"2026-03-03","Treasury General Account (TGA) Closing Balance","859738"
"2026-03-02","Treasury General Account (TGA) Opening Balance","798943"
"2026-03-02","Total TGA Deposits (Table II)","297319"
"2026-03-02","Total TGA Withdrawals (Table II) (-)","224885"
"2026-03-02","Treasury General Account (TGA) Closing Balance","871377"
"2026-02-27","Treasury General Account (TGA) Opening Balance","849449"
"2026-02-27","Total TGA Deposits (Table II)","61230"
"2026-02-27","Total TGA Withdrawals (Table II) (-)","111736"
"2026-02-27","Treasury General Account (TGA) Closing Balance","798943"
"2026-02-26","Treasury General Account (TGA) Opening Balance","838975"
"2026-02-26","Total TGA Deposits (Table II)","280814"
"2026-02-26","Total TGA Withdrawals (Table II) (-)","270340"
"2026-02-26","Treasury General Account (TGA) Closing Balance","849449"
"2026-02-25","Treasury General Account (TGA) Opening Balance","901173"
"2026-02-25","Total TGA Deposits (Table II)","21179"
"2026-02-25","Total TGA Withdrawals (Table II) (-)","83378"
"2026-02-25","Treasury General Account (TGA) Closing Balance","838975"
"2026-02-24","Treasury General Account (TGA) Opening Balance","888165"
"2026-02-24","Total TGA Deposits (Table II)","302651"
"2026-02-24","Total TGA Withdrawals (Table II) (-)","289643"
"2026-02-24","Treasury General Account (TGA) Closing Balance","901173"
"2026-02-23","Treasury General Account (TGA) Opening Balance","893370"
"2026-02-23","Total TGA Deposits (Table II)","38306"
"2026-02-23","Total TGA Withdrawals (Table II) (-)","43512"
"2026-02-23","Treasury General Account (TGA) Closing Balance","888165"
"2026-02-20","Treasury General Account (TGA) Opening Balance","904858"
"2026-02-20","Total TGA Deposits (Table II)","19415"
"2026-02-20","Total TGA Withdrawals (Table II) (-)","30902"
"2026-02-20","Treasury General Account (TGA) Closing Balance","893370"
"2026-02-19","Treasury General Account (TGA) Opening Balance","888854"
"2026-02-19","Total TGA Deposits (Table II)","341021"
"2026-02-19","Total TGA Withdrawals (Table II) (-)","325017"
"2026-02-19","Treasury General Account (TGA) Closing Balance","904858"
"2026-02-18","Treasury General Account (TGA) Opening Balance","924659"
"2026-02-18","Total TGA Deposits (Table II)","15757"
"2026-02-18","Total TGA Withdrawals (Table II) (-)","51562"
"2026-02-18","Treasury General Account (TGA) Closing Balance","888854"
"2026-02-17","Treasury General Account (TGA) Opening Balance","913645"
"2026-02-17","Total TGA Deposits (Table II)","494091"
"2026-02-17","Total TGA Withdrawals (Table II) (-)","483076"
"2026-02-17","Treasury General Account (TGA) Closing Balance","924659"
"2026-02-13","Treasury General Account (TGA) Opening Balance","920999"
"2026-02-13","Total TGA Deposits (Table II)","20717"
"2026-02-13","Total TGA Withdrawals (Table II) (-)","28072"
"2026-02-13","Treasury General Account (TGA) Closing Balance","913645"
"2026-02-12","Treasury General Account (TGA) Opening Balance","910533"
"2026-02-12","Total TGA Deposits (Table II)","279288"
"2026-02-12","Total TGA Withdrawals (Table II) (-)","268822"
"2026-02-12","Treasury General Account (TGA) Closing Balance","920999"
"2026-02-11","Treasury General Account (TGA) Opening Balance","948634"
"2026-02-11","Total TGA Deposits (Table II)","19944"
"2026-02-11","Total TGA Withdrawals (Table II) (-)","58045"
"2026-02-11","Treasury General Account (TGA) Closing Balance","910533"
"2026-02-10","Treasury General Account (TGA) Opening Balance","917568"
"2026-02-10","Total TGA Deposits (Table II)","285615"
"2026-02-10","Total TGA Withdrawals (Table II) (-)","254549"
"2026-02-10","Treasury General Account (TGA) Closing Balance","948634"
"2026-02-09","Treasury General Account (TGA) Opening Balance","905282"
"2026-02-09","Total TGA Deposits (Table II)","31679"
"2026-02-09","Total TGA Withdrawals (Table II) (-)","19392"
"2026-02-09","Treasury General Account (TGA) Closing Balance","917568"
"2026-02-06","Treasury General Account (TGA) Opening Balance","914563"
"2026-02-06","Total TGA Deposits (Table II)","14599"
"2026-02-06","Total TGA Withdrawals (Table II) (-)","23881"
"2026-02-06","Treasury General Account (TGA) Closing Balance","905282"
"2026-02-05","Treasury General Account (TGA) Opening Balance","907737"
"2026-02-05","Total TGA Deposits (Table II)","276335"
"2026-02-05","Total TGA Withdrawals (Table II) (-)","269509"
"2026-02-05","Treasury General Account (TGA) Closing Balance","914563"
"2026-02-04","Treasury General Account (TGA) Opening Balance","907892"
"2026-02-04","Total TGA Deposits (Table II)","18874"
"2026-02-04","Total TGA Withdrawals (Table II) (-)","19029"
"2026-02-04","Treasury General Account (TGA) Closing Balance","907737"
"2026-02-03","Treasury General Account (TGA) Opening Balance","897983"
"2026-02-03","Total TGA Deposits (Table II)","286821"
"2026-02-03","Total TGA Withdrawals (Table II) (-)","276911"
"2026-02-03","Treasury General Account (TGA) Closing Balance","907892"
"2026-02-02","Treasury General Account (TGA) Opening Balance","893245"
"2026-02-02","Total TGA Deposits (Table II)","310492"
"2026-02-02","Total TGA Withdrawals (Table II) (-)","305754"
"2026-02-02","Treasury General Account (TGA) Closing Balance","897983"
"2026-01-30","Treasury General Account (TGA) Opening Balance","968066"
"2026-01-30","Total TGA Deposits (Table II)","43755"
"2026-01-30","Total TGA Withdrawals (Table II) (-)","118575"
"2026-01-30","Treasury General Account (TGA) Closing Balance","893245"
"2026-01-29","Treasury General Account (TGA) Opening Balance","952705"
"2026-01-29","Total TGA Deposits (Table II)","282109"
"2026-01-29","Total TGA Withdrawals (Table II) (-)","266748"
"2026-01-29","Treasury General Account (TGA) Closing Balance","968066"
"2026-01-28","Treasury General Account (TGA) Opening Balance","974848"
"2026-01-28","Total TGA Deposits (Table II)","25787"
"2026-01-28","Total TGA Withdrawals (Table II) (-)","47931"
"2026-01-28","Treasury General Account (TGA) Closing Balance","952705"
"2026-01-27","Treasury General Account (TGA) Opening Balance","943665"
"2026-01-27","Total TGA Deposits (Table II)","281776"
"2026-01-27","Total TGA Withdrawals (Table II) (-)","250593"
"2026-01-27","Treasury General Account (TGA) Closing Balance","974848"
"2026-01-26","Treasury General Account (TGA) Opening Balance","900542"
"2026-01-26","Total TGA Deposits (Table II)","59203"
"2026-01-26","Total TGA Withdrawals (Table II) (-)","16079"
"2026-01-26","Treasury General Account (TGA) Closing Balance","943665"
"2026-01-23","Treasury General Account (TGA) Opening Balance","888450"
"2026-01-23","Total TGA Deposits (Table II)","27520"
"2026-01-23","Total TGA Withdrawals (Table II) (-)","15428"
"2026-01-23","Treasury General Account (TGA) Closing Balance","900542"
"2026-01-22","Treasury General Account (TGA) Opening Balance","871169"
"2026-01-22","Total TGA Deposits (Table II)","345408"
"2026-01-22","Total TGA Withdrawals (Table II) (-)","328128"
"2026-01-22","Treasury General Account (TGA) Closing Balance","888450"
"2026-01-21","Treasury General Account (TGA) Opening Balance","899869"
"2026-01-21","Total TGA Deposits (Table II)","19372"
"2026-01-21","Total TGA Withdrawals (Table II) (-)","48072"
"2026-01-21","Treasury General Account (TGA) Closing Balance","871169"
"2026-01-20","Treasury General Account (TGA) Opening Balance","868226"
"2026-01-20","Total TGA Deposits (Table II)","297770"
"2026-01-20","Total TGA Withdrawals (Table II) (-)","266127"
"2026-01-20","Treasury General Account (TGA) Closing Balance","899869"
"2026-01-16","Treasury General Account (TGA) Opening Balance","840883"
"2026-01-16","Total TGA Deposits (Table II)","46894"
"2026-01-16","Total TGA Withdrawals (Table II) (-)","19550"
"2026-01-16","Treasury General Account (TGA) Closing Balance","868226"
"2026-01-15","Treasury General Account (TGA) Opening Balance","777061"
"2026-01-15","Total TGA Deposits (Table II)","481122"
"2026-01-15","Total TGA Withdrawals (Table II) (-)","417300"
"2026-01-15","Treasury General Account (TGA) Closing Balance","840883"
"2026-01-14","Treasury General Account (TGA) Opening Balance","780790"
"2026-01-14","Total TGA Deposits (Table II)","45093"
"2026-01-14","Total TGA Withdrawals (Table II) (-)","48822"
"2026-01-14","Treasury General Account (TGA) Closing Balance","777061"
"2026-01-13","Treasury General Account (TGA) Opening Balance","797322"
"2026-01-13","Total TGA Deposits (Table II)","255308"
"2026-01-13","Total TGA Withdrawals (Table II) (-)","271840"
"2026-01-13","Treasury General Account (TGA) Closing Balance","780790"
"2026-01-12","Treasury General Account (TGA) Opening Balance","775114"
"2026-01-12","Total TGA Deposits (Table II)","40485"
"2026-01-12","Total TGA Withdrawals (Table II) (-)","18278"
"2026-01-12","Treasury General Account (TGA) Closing Balance","797322"
"2026-01-09","Treasury General Account (TGA) Opening Balance","773709"
"2026-01-09","Total TGA Deposits (Table II)","18965"
"2026-01-09","Total TGA Withdrawals (Table II) (-)","17559"
"2026-01-09","Treasury General Account (TGA) Closing Balance","775114"
"2026-01-08","Treasury General Account (TGA) Opening Balance","783571"
"2026-01-08","Total TGA Deposits (Table II)","263883"
"2026-01-08","Total TGA Withdrawals (Table II) (-)","273746"
"2026-01-08","Treasury General Account (TGA) Closing Balance","773709"
"2026-01-07","Treasury General Account (TGA) Opening Balance","771936"
"2026-01-07","Total TGA Deposits (Table II)","26905"
"2026-01-07","Total TGA Withdrawals (Table II) (-)","15269"
"2026-01-07","Treasury General Account (TGA) Closing Balance","783571"
"2026-01-06","Treasury General Account (TGA) Opening Balance","801062"
"2026-01-06","Total TGA Deposits (Table II)","247368"
"2026-01-06","Total TGA Withdrawals (Table II) (-)","276495"
"2026-01-06","Treasury General Account (TGA) Closing Balance","771936"
"2026-01-05","Treasury General Account (TGA) Opening Balance","781204"
"2026-01-05","Total TGA Deposits (Table II)","37177"
"2026-01-05","Total TGA Withdrawals (Table II) (-)","17319"
"2026-01-05","Treasury General Account (TGA) Closing Balance","801062"
"2026-01-02","Treasury General Account (TGA) Opening Balance","872853"
"2026-01-02","Total TGA Deposits (Table II)","299155"
"2026-01-02","Total TGA Withdrawals (Table II) (-)","390804"
"2026-01-02","Treasury General Account (TGA) Closing Balance","781204"
"2025-12-31","Treasury General Account (TGA) Opening Balance","826406"
"2025-12-31","Total TGA Deposits (Table II)","276369"
"2025-12-31","Total TGA Withdrawals (Table II) (-)","229922"
"2025-12-31","Treasury General Account (TGA) Closing Balance","872853"
"2025-12-30","Treasury General Account (TGA) Opening Balance","858993"
"2025-12-30","Total TGA Deposits (Table II)","255772"
"2025-12-30","Total TGA Withdrawals (Table II) (-)","288359"
"2025-12-30","Treasury General Account (TGA) Closing Balance","826406"
"2025-12-29","Treasury General Account (TGA) Opening Balance","833784"
"2025-12-29","Total TGA Deposits (Table II)","38156"
"2025-12-29","Total TGA Withdrawals (Table II) (-)","12947"
"2025-12-29","Treasury General Account (TGA) Closing Balance","858993"
"2025-12-26","Treasury General Account (TGA) Opening Balance","801537"
"2025-12-26","Total TGA Deposits (Table II)","346355"
"2025-12-26","Total TGA Withdrawals (Table II) (-)","314109"
"2025-12-26","Treasury General Account (TGA) Closing Balance","833784"
"2025-12-24","Treasury General Account (TGA) Opening Balance","824439"
"2025-12-24","Total TGA Deposits (Table II)","25616"
"2025-12-24","Total TGA Withdrawals (Table II) (-)","48518"
"2025-12-24","Treasury General Account (TGA) Closing Balance","801537"
"2025-12-23","Treasury General Account (TGA) Opening Balance","872048"
"2025-12-23","Total TGA Deposits (Table II)","248269"
"2025-12-23","Total TGA Withdrawals (Table II) (-)","295878"
"2025-12-23","Treasury General Account (TGA) Closing Balance","824439"
"2025-12-22","Treasury General Account (TGA) Opening Balance","839799"
"2025-12-22","Total TGA Deposits (Table II)","64508"
"2025-12-22","Total TGA Withdrawals (Table II) (-)","32258"
"2025-12-22","Treasury General Account (TGA) Closing Balance","872048"
"2025-12-19","Treasury General Account (TGA) Opening Balance","842422"
"2025-12-19","Total TGA Deposits (Table II)","22452"
"2025-12-19","Total TGA Withdrawals (Table II) (-)","25076"
"2025-12-19","Treasury General Account (TGA) Closing Balance","839799"
"2025-12-18","Treasury General Account (TGA) Opening Balance","861417"
"2025-12-18","Total TGA Deposits (Table II)","259892"
"2025-12-18","Total TGA Withdrawals (Table II) (-)","278887"
"2025-12-18","Treasury General Account (TGA) Closing Balance","842422"
"2025-12-17","Treasury General Account (TGA) Opening Balance","887180"
"2025-12-17","Total TGA Deposits (Table II)","22865"
"2025-12-17","Total TGA Withdrawals (Table II) (-)","48629"
"2025-12-17","Treasury General Account (TGA) Closing Balance","861417"
"2025-12-16","Treasury General Account (TGA) Opening Balance","912994"
"2025-12-16","Total TGA Deposits (Table II)","267834"
"2025-12-16","Total TGA Withdrawals (Table II) (-)","293648"
"2025-12-16","Treasury General Account (TGA) Closing Balance","887180"
"2025-12-15","Treasury General Account (TGA) Opening Balance","792465"
"2025-12-15","Total TGA Deposits (Table II)","192018"
"2025-12-15","Total TGA Withdrawals (Table II) (-)","71488"
"2025-12-15","Treasury General Account (TGA) Closing Balance","912994"
"2025-12-12","Treasury General Account (TGA) Opening Balance","792667"
"2025-12-12","Total TGA Deposits (Table II)","30376"
"2025-12-12","Total TGA Withdrawals (Table II) (-)","30577"
"2025-12-12","Treasury General Account (TGA) Closing Balance","792465"
"2025-12-11","Treasury General Account (TGA) Opening Balance","805827"
"2025-12-11","Total TGA Deposits (Table II)","265729"
"2025-12-11","Total TGA Withdrawals (Table II) (-)","278890"
"2025-12-11","Treasury General Account (TGA) Closing Balance","792667"
"2025-12-10","Treasury General Account (TGA) Opening Balance","837306"
"2025-12-10","Total TGA Deposits (Table II)","21458"
"2025-12-10","Total TGA Withdrawals (Table II) (-)","52937"
"2025-12-10","Treasury General Account (TGA) Closing Balance","805827"
"2025-12-09","Treasury General Account (TGA) Opening Balance","880125"
"2025-12-09","Total TGA Deposits (Table II)","255233"
"2025-12-09","Total TGA Withdrawals (Table II) (-)","298052"
"2025-12-09","Treasury General Account (TGA) Closing Balance","837306"
"2025-12-08","Treasury General Account (TGA) Opening Balance","870232"
"2025-12-08","Total TGA Deposits (Table II)","32651"
"2025-12-08","Total TGA Withdrawals (Table II) (-)","22758"
"2025-12-08","Treasury General Account (TGA) Closing Balance","880125"
"2025-12-05","Treasury General Account (TGA) Opening Balance","878666"
"2025-12-05","Total TGA Deposits (Table II)","15805"
"2025-12-05","Total TGA Withdrawals (Table II) (-)","24238"
"2025-12-05","Treasury General Account (TGA) Closing Balance","870232"
"2025-12-04","Treasury General Account (TGA) Opening Balance","908523"
"2025-12-04","Total TGA Deposits (Table II)","253068"
"2025-12-04","Total TGA Withdrawals (Table II) (-)","282925"
"2025-12-04","Treasury General Account (TGA) Closing Balance","878666"
"2025-12-03","Treasury General Account (TGA) Opening Balance","935847"
"2025-12-03","Total TGA Deposits (Table II)","19215"
"2025-12-03","Total TGA Withdrawals (Table II) (-)","46539"
"2025-12-03","Treasury General Account (TGA) Closing Balance","908523"
"2025-12-02","Treasury General Account (TGA) Opening Balance","948079"
"2025-12-02","Total TGA Deposits (Table II)","273699"
"2025-12-02","Total TGA Withdrawals (Table II) (-)","285932"
"2025-12-02","Treasury General Account (TGA) Closing Balance","935847"
"2025-12-01","Treasury General Account (TGA) Opening Balance","956014"
"2025-12-01","Total TGA Deposits (Table II)","265226"
"2025-12-01","Total TGA Withdrawals (Table II) (-)","273162"
"2025-12-01","Treasury General Account (TGA) Closing Balance","948079"
"2025-11-28","Treasury General Account (TGA) Opening Balance","899678"
"2025-11-28","Total TGA Deposits (Table II)","380045"
"2025-11-28","Total TGA Withdrawals (Table II) (-)","323708"
"2025-11-28","Treasury General Account (TGA) Closing Balance","956014"
"2025-11-26","Treasury General Account (TGA) Opening Balance","931736"
"2025-11-26","Total TGA Deposits (Table II)","25308"
"2025-11-26","Total TGA Withdrawals (Table II) (-)","57366"
"2025-11-26","Treasury General Account (TGA) Closing Balance","899678"
"2025-11-25","Treasury General Account (TGA) Opening Balance","906547"
"2025-11-25","Total TGA Deposits (Table II)","312361"
"2025-11-25","Total TGA Withdrawals (Table II) (-)","287173"
"2025-11-25","Treasury General Account (TGA) Closing Balance","931736"
"2025-11-24","Treasury General Account (TGA) Opening Balance","892074"
"2025-11-24","Total TGA Deposits (Table II)","34085"
"2025-11-24","Total TGA Withdrawals (Table II) (-)","19612"
"2025-11-24","Treasury General Account (TGA) Closing Balance","906547"
"2025-11-21","Treasury General Account (TGA) Opening Balance","909575"
"2025-11-21","Total TGA Deposits (Table II)","15964"
"2025-11-21","Total TGA Withdrawals (Table II) (-)","33465"
"2025-11-21","Treasury General Account (TGA) Closing Balance","892074"
"2025-11-20","Treasury General Account (TGA) Opening Balance","900832"
"2025-11-20","Total TGA Deposits (Table II)","285417"
"2025-11-20","Total TGA Withdrawals (Table II) (-)","276674"
"2025-11-20","Treasury General Account (TGA) Closing Balance","909575"
"2025-11-19","Treasury General Account (TGA) Opening Balance","928422"
"2025-11-19","Total TGA Deposits (Table II)","24257"
"2025-11-19","Total TGA Withdrawals (Table II) (-)","51848"
"2025-11-19","Treasury General Account (TGA) Closing Balance","900832"
"2025-11-18","Treasury General Account (TGA) Opening Balance","924961"
"2025-11-18","Total TGA Deposits (Table II)","288436"
"2025-11-18","Total TGA Withdrawals (Table II) (-)","284975"
"2025-11-18","Treasury General Account (TGA) Closing Balance","928422"
"2025-11-17","Treasury General Account (TGA) Opening Balance","959113"
"2025-11-17","Total TGA Deposits (Table II)","189063"
"2025-11-17","Total TGA Withdrawals (Table II) (-)","223214"
"2025-11-17","Treasury General Account (TGA) Closing Balance","924961"
"2025-11-14","Treasury General Account (TGA) Opening Balance","961929"
"2025-11-14","Total TGA Deposits (Table II)","20475"
"2025-11-14","Total TGA Withdrawals (Table II) (-)","23292"
"2025-11-14","Treasury General Account (TGA) Closing Balance","959113"
"2025-11-13","Treasury General Account (TGA) Opening Balance","943145"
"2025-11-13","Total TGA Deposits (Table II)","294086"
"2025-11-13","Total TGA Withdrawals (Table II) (-)","275301"
"2025-11-13","Treasury General Account (TGA) Closing Balance","961929"
"2025-11-12","Treasury General Account (TGA) Opening Balance","965301"
"2025-11-12","Total TGA Deposits (Table II)","293955"
"2025-11-12","Total TGA Withdrawals (Table II) (-)","316111"
"2025-11-12","Treasury General Account (TGA) Closing Balance","943145"
"2025-11-10","Treasury General Account (TGA) Opening Balance","949804"
"2025-11-10","Total TGA Deposits (Table II)","32679"
"2025-11-10","Total TGA Withdrawals (Table II) (-)","17183"
"2025-11-10","Treasury General Account (TGA) Closing Balance","965301"
"2025-11-07","Treasury General Account (TGA) Opening Balance","953555"
"2025-11-07","Total TGA Deposits (Table II)","14764"
"2025-11-07","Total TGA Withdrawals (Table II) (-)","18515"
"2025-11-07","Treasury General Account (TGA) Closing Balance","949804"
"2025-11-06","Treasury General Account (TGA) Opening Balance","942700"
"2025-11-06","Total TGA Deposits (Table II)","278887"
"2025-11-06","Total TGA Withdrawals (Table II) (-)","268031"
"2025-11-06","Treasury General Account (TGA) Closing Balance","953555"
"2025-11-05","Treasury General Account (TGA) Opening Balance","939584"
"2025-11-05","Total TGA Deposits (Table II)","21468"
"2025-11-05","Total TGA Withdrawals (Table II) (-)","18353"
"2025-11-05","Treasury General Account (TGA) Closing Balance","942700"
"2025-11-04","Treasury General Account (TGA) Opening Balance","924957"
"2025-11-04","Total TGA Deposits (Table II)","292339"
"2025-11-04","Total TGA Withdrawals (Table II) (-)","277712"
"2025-11-04","Treasury General Account (TGA) Closing Balance","939584"
"2025-11-03","Treasury General Account (TGA) Opening Balance","926328"
"2025-11-03","Total TGA Deposits (Table II)","55219"
"2025-11-03","Total TGA Withdrawals (Table II) (-)","56590"
"2025-11-03","Treasury General Account (TGA) Closing Balance","924957"
"2025-10-31","Treasury General Account (TGA) Opening Balance","1000632"
"2025-10-31","Total TGA Deposits (Table II)","289542"
"2025-10-31","Total TGA Withdrawals (Table II) (-)","363847"
"2025-10-31","Treasury General Account (TGA) Closing Balance","926328"
"2025-10-30","Treasury General Account (TGA) Opening Balance","983859"
"2025-10-30","Total TGA Deposits (Table II)","334447"
"2025-10-30","Total TGA Withdrawals (Table II) (-)","317673"
"2025-10-30","Treasury General Account (TGA) Closing Balance","1000632"
"2025-10-29","Treasury General Account (TGA) Opening Balance","984857"
"2025-10-29","Total TGA Deposits (Table II)","20651"
"2025-10-29","Total TGA Withdrawals (Table II) (-)","21649"
"2025-10-29","Treasury General Account (TGA) Closing Balance","983859"
"2025-10-28","Treasury General Account (TGA) Opening Balance","964762"
"2025-10-28","Total TGA Deposits (Table II)","288481"
"2025-10-28","Total TGA Withdrawals (Table II) (-)","268385"
"2025-10-28","Treasury General Account (TGA) Closing Balance","984857"
"2025-10-27","Treasury General Account (TGA) Opening Balance","942495"
"2025-10-27","Total TGA Deposits (Table II)","35349"
"2025-10-27","Total TGA Withdrawals (Table II) (-)","13082"
"2025-10-27","Treasury General Account (TGA) Closing Balance","964762"
"2025-10-24","Treasury General Account (TGA) Opening Balance","944965"
"2025-10-24","Total TGA Deposits (Table II)","15254"
"2025-10-24","Total TGA Withdrawals (Table II) (-)","17725"
"2025-10-24","Treasury General Account (TGA) Closing Balance","942495"
"2025-10-23","Treasury General Account (TGA) Opening Balance","905074"
"2025-10-23","Total TGA Deposits (Table II)","303217"
"2025-10-23","Total TGA Withdrawals (Table II) (-)","263325"
"2025-10-23","Treasury General Account (TGA) Closing Balance","944965"
"2025-10-22","Total TGA Deposits (Table II)","24819"
"2025-10-22","Treasury General Account (TGA) Opening Balance","929315"
"2025-10-22","Total TGA Withdrawals (Table II) (-)","49060"
"2025-10-22","Treasury General Account (TGA) Closing Balance","905074"
"2025-10-21","Total TGA Deposits (Table II)","289281"
"2025-10-21","Treasury General Account (TGA) Opening Balance","905754"
"2025-10-21","Total TGA Withdrawals (Table II) (-)","265720"
"2025-10-21","Treasury General Account (TGA) Closing Balance","929315"
"2025-10-20","Treasury General Account (TGA) Opening Balance","905393"
"2025-10-20","Total TGA Deposits (Table II)","30162"
"2025-10-20","Total TGA Withdrawals (Table II) (-)","29801"
"2025-10-20","Treasury General Account (TGA) Closing Balance","905754"
"2025-10-17","Treasury General Account (TGA) Opening Balance","899682"
"2025-10-17","Total TGA Deposits (Table II)","19919"
"2025-10-17","Total TGA Withdrawals (Table II) (-)","14208"
"2025-10-17","Treasury General Account (TGA) Closing Balance","905393"
"2025-10-16","Treasury General Account (TGA) Opening Balance","851952"
"2025-10-16","Total TGA Deposits (Table II)","311668"
"2025-10-16","Total TGA Withdrawals (Table II) (-)","263938"
"2025-10-16","Treasury General Account (TGA) Closing Balance","899682"
"2025-10-15","Treasury General Account (TGA) Opening Balance","841366"
"2025-10-15","Total TGA Deposits (Table II)","157796"
"2025-10-15","Total TGA Withdrawals (Table II) (-)","147210"
"2025-10-15","Treasury General Account (TGA) Closing Balance","851952"
"2025-10-14","Treasury General Account (TGA) Opening Balance","794452"
"2025-10-14","Total TGA Deposits (Table II)","319283"
"2025-10-14","Total TGA Withdrawals (Table II) (-)","272369"
"2025-10-14","Treasury General Account (TGA) Closing Balance","841366"
"2025-10-10","Treasury General Account (TGA) Opening Balance","796023"
"2025-10-10","Total TGA Deposits (Table II)","19078"
"2025-10-10","Total TGA Withdrawals (Table II) (-)","20649"
"2025-10-10","Treasury General Account (TGA) Closing Balance","794452"
"2025-10-09","Treasury General Account (TGA) Opening Balance","794054"
"2025-10-09","Total TGA Deposits (Table II)","270379"
"2025-10-09","Total TGA Withdrawals (Table II) (-)","268410"
"2025-10-09","Treasury General Account (TGA) Closing Balance","796023"
"2025-10-08","Treasury General Account (TGA) Opening Balance","823736"
"2025-10-08","Total TGA Deposits (Table II)","20370"
"2025-10-08","Total TGA Withdrawals (Table II) (-)","50052"
"2025-10-08","Treasury General Account (TGA) Closing Balance","794054"
"2025-10-07","Treasury General Account (TGA) Opening Balance","815262"
"2025-10-07","Total TGA Deposits (Table II)","277507"
"2025-10-07","Total TGA Withdrawals (Table II) (-)","269032"
"2025-10-07","Treasury General Account (TGA) Closing Balance","823736"
"2025-10-06","Treasury General Account (TGA) Opening Balance","798367"
"2025-10-06","Total TGA Deposits (Table II)","30873"
"2025-10-06","Total TGA Withdrawals (Table II) (-)","13978"
"2025-10-06","Treasury General Account (TGA) Closing Balance","815262"
"2025-10-03","Treasury General Account (TGA) Opening Balance","823845"
"2025-10-03","Total TGA Deposits (Table II)","17235"
"2025-10-03","Total TGA Withdrawals (Table II) (-)","42713"
"2025-10-03","Treasury General Account (TGA) Closing Balance","798367"
"2025-10-02","Treasury General Account (TGA) Opening Balance","819378"
"2025-10-02","Total TGA Deposits (Table II)","322096"
"2025-10-02","Total TGA Withdrawals (Table II) (-)","317629"
"2025-10-02","Treasury General Account (TGA) Closing Balance","823845"
"2025-10-01","Treasury General Account (TGA) Opening Balance","890825"
"2025-10-01","Total TGA Deposits (Table II)","40728"
"2025-10-01","Total TGA Withdrawals (Table II) (-)","112174"
"2025-10-01","Treasury General Account (TGA) Closing Balance","819378"
"2025-09-30","Treasury General Account (TGA) Opening Balance","805674"
"2025-09-30","Total TGA Deposits (Table II)","511022"
"2025-09-30","Total TGA Withdrawals (Table II) (-)","425871"
"2025-09-30","Treasury General Account (TGA) Closing Balance","890825"
"2025-09-29","Treasury General Account (TGA) Opening Balance","786337"
"2025-09-29","Total TGA Deposits (Table II)","40055"
"2025-09-29","Total TGA Withdrawals (Table II) (-)","20718"
"2025-09-29","Treasury General Account (TGA) Closing Balance","805674"
"2025-09-26","Treasury General Account (TGA) Opening Balance","761087"
"2025-09-26","Total TGA Deposits (Table II)","49676"
"2025-09-26","Total TGA Withdrawals (Table II) (-)","24426"
"2025-09-26","Treasury General Account (TGA) Closing Balance","786337"
"2025-09-25","Treasury General Account (TGA) Opening Balance","757970"
"2025-09-25","Total TGA Deposits (Table II)","267100"
"2025-09-25","Total TGA Withdrawals (Table II) (-)","263983"
"2025-09-25","Treasury General Account (TGA) Closing Balance","761087"
"2025-09-24","Treasury General Account (TGA) Opening Balance","781512"
"2025-09-24","Total TGA Deposits (Table II)","26915"
"2025-09-24","Total TGA Withdrawals (Table II) (-)","50457"
"2025-09-24","Treasury General Account (TGA) Closing Balance","757970"
"2025-09-23","Treasury General Account (TGA) Opening Balance","822471"
"2025-09-23","Total TGA Deposits (Table II)","291915"
"2025-09-23","Total TGA Withdrawals (Table II) (-)","332874"
"2025-09-23","Treasury General Account (TGA) Closing Balance","781512"
"2025-09-22","Treasury General Account (TGA) Opening Balance","818530"
"2025-09-22","Total TGA Deposits (Table II)","37345"
"2025-09-22","Total TGA Withdrawals (Table II) (-)","33404"
"2025-09-22","Treasury General Account (TGA) Closing Balance","822471"
"2025-09-19","Treasury General Account (TGA) Opening Balance","816451"
"2025-09-19","Total TGA Deposits (Table II)","20390"
"2025-09-19","Total TGA Withdrawals (Table II) (-)","18312"
"2025-09-19","Treasury General Account (TGA) Closing Balance","818530"
"2025-09-18","Treasury General Account (TGA) Opening Balance","807142"
"2025-09-18","Total TGA Deposits (Table II)","266402"
"2025-09-18","Total TGA Withdrawals (Table II) (-)","257093"
"2025-09-18","Treasury General Account (TGA) Closing Balance","816451"
"2025-09-17","Treasury General Account (TGA) Opening Balance","823741"
"2025-09-17","Total TGA Deposits (Table II)","31628"
"2025-09-17","Total TGA Withdrawals (Table II) (-)","48226"
"2025-09-17","Treasury General Account (TGA) Closing Balance","807142"
"2025-09-16","Treasury General Account (TGA) Opening Balance","857709"
"2025-09-16","Total TGA Deposits (Table II)","291628"
"2025-09-16","Total TGA Withdrawals (Table II) (-)","325596"
"2025-09-16","Treasury General Account (TGA) Closing Balance","823741"
"2025-09-15","Treasury General Account (TGA) Opening Balance","707770"
"2025-09-15","Total TGA Deposits (Table II)","222035"
"2025-09-15","Total TGA Withdrawals (Table II) (-)","72095"
"2025-09-15","Treasury General Account (TGA) Closing Balance","857709"
"2025-09-12","Treasury General Account (TGA) Opening Balance","682732"
"2025-09-12","Total TGA Deposits (Table II)","46724"
"2025-09-12","Total TGA Withdrawals (Table II) (-)","21686"
"2025-09-12","Treasury General Account (TGA) Closing Balance","707770"
"2025-09-11","Treasury General Account (TGA) Opening Balance","667585"
"2025-09-11","Total TGA Deposits (Table II)","271069"
"2025-09-11","Total TGA Withdrawals (Table II) (-)","255922"
"2025-09-11","Treasury General Account (TGA) Closing Balance","682732"
"2025-09-10","Treasury General Account (TGA) Opening Balance","690281"
"2025-09-10","Total TGA Deposits (Table II)","26012"
"2025-09-10","Total TGA Withdrawals (Table II) (-)","48707"
"2025-09-10","Treasury General Account (TGA) Closing Balance","667585"
"2025-09-09","Treasury General Account (TGA) Opening Balance","680369"
"2025-09-09","Total TGA Deposits (Table II)","265998"
"2025-09-09","Total TGA Withdrawals (Table II) (-)","256086"
"2025-09-09","Treasury General Account (TGA) Closing Balance","690281"
"2025-09-08","Treasury General Account (TGA) Opening Balance","666137"
"2025-09-08","Total TGA Deposits (Table II)","32472"
"2025-09-08","Total TGA Withdrawals (Table II) (-)","18241"
"2025-09-08","Treasury General Account (TGA) Closing Balance","680369"
"2025-09-05","Total TGA Deposits (Table II)","14977"
"2025-09-05","Treasury General Account (TGA) Opening Balance","669272"
"2025-09-05","Total TGA Withdrawals (Table II) (-)","18112"
"2025-09-05","Treasury General Account (TGA) Closing Balance","666137"
"2025-09-04","Treasury General Account (TGA) Opening Balance","661939"
"2025-09-04","Total TGA Deposits (Table II)","312315"
"2025-09-04","Total TGA Withdrawals (Table II) (-)","304982"
"2025-09-04","Treasury General Account (TGA) Closing Balance","669272"
"2025-09-03","Treasury General Account (TGA) Opening Balance","690094"
"2025-09-03","Total TGA Deposits (Table II)","14416"
"2025-09-03","Total TGA Withdrawals (Table II) (-)","42571"
"2025-09-03","Treasury General Account (TGA) Closing Balance","661939"
"2025-09-02","Treasury General Account (TGA) Opening Balance","555224"
"2025-09-02","Total TGA Deposits (Table II)","532388"
"2025-09-02","Total TGA Withdrawals (Table II) (-)","397518"
"2025-09-02","Treasury General Account (TGA) Closing Balance","690094"
"2025-08-29","Treasury General Account (TGA) Opening Balance","609660"
"2025-08-29","Total TGA Deposits (Table II)","55825"
"2025-08-29","Total TGA Withdrawals (Table II) (-)","110261"
"2025-08-29","Treasury General Account (TGA) Closing Balance","555224"
"2025-08-28","Treasury General Account (TGA) Opening Balance","595798"
"2025-08-28","Total TGA Deposits (Table II)","259306"
"2025-08-28","Total TGA Withdrawals (Table II) (-)","245444"
"2025-08-28","Treasury General Account (TGA) Closing Balance","609660"
"2025-08-27","Treasury General Account (TGA) Opening Balance","632894"
"2025-08-27","Total TGA Deposits (Table II)","19241"
"2025-08-27","Total TGA Withdrawals (Table II) (-)","56337"
"2025-08-27","Treasury General Account (TGA) Closing Balance","595798"
"2025-08-26","Treasury General Account (TGA) Opening Balance","595519"
"2025-08-26","Total TGA Deposits (Table II)","264917"
"2025-08-26","Total TGA Withdrawals (Table II) (-)","227542"
"2025-08-26","Treasury General Account (TGA) Closing Balance","632894"
"2025-08-25","Treasury General Account (TGA) Opening Balance","581509"
"2025-08-25","Total TGA Deposits (Table II)","31129"
"2025-08-25","Total TGA Withdrawals (Table II) (-)","17119"
"2025-08-25","Treasury General Account (TGA) Closing Balance","595519"
"2025-08-22","Treasury General Account (TGA) Opening Balance","561249"
"2025-08-22","Total TGA Deposits (Table II)","35825"
"2025-08-22","Total TGA Withdrawals (Table II) (-)","15565"
"2025-08-22","Treasury General Account (TGA) Closing Balance","581509"
"2025-08-21","Treasury General Account (TGA) Opening Balance","526063"
"2025-08-21","Total TGA Deposits (Table II)","262909"
"2025-08-21","Total TGA Withdrawals (Table II) (-)","227723"
"2025-08-21","Treasury General Account (TGA) Closing Balance","561249"
"2025-08-20","Treasury General Account (TGA) Opening Balance","562784"
"2025-08-20","Total TGA Deposits (Table II)","21882"
"2025-08-20","Total TGA Withdrawals (Table II) (-)","58603"
"2025-08-20","Treasury General Account (TGA) Closing Balance","526063"
"2025-08-19","Treasury General Account (TGA) Opening Balance","519490"
"2025-08-19","Total TGA Deposits (Table II)","268756"
"2025-08-19","Total TGA Withdrawals (Table II) (-)","225462"
"2025-08-19","Treasury General Account (TGA) Closing Balance","562784"
"2025-08-18","Treasury General Account (TGA) Opening Balance","493107"
"2025-08-18","Total TGA Deposits (Table II)","43871"
"2025-08-18","Total TGA Withdrawals (Table II) (-)","17488"
"2025-08-18","Treasury General Account (TGA) Closing Balance","519490"
"2025-08-15","Treasury General Account (TGA) Opening Balance","549080"
"2025-08-15","Total TGA Deposits (Table II)","185615"
"2025-08-15","Total TGA Withdrawals (Table II) (-)","241588"
"2025-08-15","Treasury General Account (TGA) Closing Balance","493107"
"2025-08-14","Treasury General Account (TGA) Opening Balance","515469"
"2025-08-14","Total TGA Deposits (Table II)","266513"
"2025-08-14","Total TGA Withdrawals (Table II) (-)","232903"
"2025-08-14","Treasury General Account (TGA) Closing Balance","549080"
"2025-08-13","Treasury General Account (TGA) Opening Balance","545499"
"2025-08-13","Total TGA Deposits (Table II)","16541"
"2025-08-13","Total TGA Withdrawals (Table II) (-)","46571"
"2025-08-13","Treasury General Account (TGA) Closing Balance","515469"
"2025-08-12","Treasury General Account (TGA) Opening Balance","504280"
"2025-08-12","Total TGA Deposits (Table II)","262338"
"2025-08-12","Total TGA Withdrawals (Table II) (-)","221120"
"2025-08-12","Treasury General Account (TGA) Closing Balance","545499"
"2025-08-11","Treasury General Account (TGA) Opening Balance","491063"
"2025-08-11","Total TGA Deposits (Table II)","28732"
"2025-08-11","Total TGA Withdrawals (Table II) (-)","15515"
"2025-08-11","Treasury General Account (TGA) Closing Balance","504280"
"2025-08-08","Treasury General Account (TGA) Opening Balance","491691"
"2025-08-08","Total TGA Deposits (Table II)","14780"
"2025-08-08","Total TGA Withdrawals (Table II) (-)","15408"
"2025-08-08","Treasury General Account (TGA) Closing Balance","491063"
"2025-08-07","Treasury General Account (TGA) Opening Balance","464315"
"2025-08-07","Total TGA Deposits (Table II)","311574"
"2025-08-07","Total TGA Withdrawals (Table II) (-)","284198"
"2025-08-07","Treasury General Account (TGA) Closing Balance","491691"
"2025-08-06","Treasury General Account (TGA) Opening Balance","459240"
"2025-08-06","Total TGA Deposits (Table II)","20385"
"2025-08-06","Total TGA Withdrawals (Table II) (-)","15311"
"2025-08-06","Treasury General Account (TGA) Closing Balance","464315"
"2025-08-05","Treasury General Account (TGA) Opening Balance","392810"
"2025-08-05","Total TGA Deposits (Table II)","260275"
"2025-08-05","Total TGA Withdrawals (Table II) (-)","193845"
"2025-08-05","Treasury General Account (TGA) Closing Balance","459240"
"2025-08-04","Treasury General Account (TGA) Opening Balance","377780"
"2025-08-04","Total TGA Deposits (Table II)","33914"
"2025-08-04","Total TGA Withdrawals (Table II) (-)","18884"
"2025-08-04","Treasury General Account (TGA) Closing Balance","392810"
"2025-08-01","Treasury General Account (TGA) Opening Balance","497596"
"2025-08-01","Total TGA Deposits (Table II)","36569"
"2025-08-01","Total TGA Withdrawals (Table II) (-)","156385"
"2025-08-01","Treasury General Account (TGA) Closing Balance","377780"
"2025-07-31","Treasury General Account (TGA) Opening Balance","419446"
"2025-07-31","Total TGA Deposits (Table II)","528382"
"2025-07-31","Total TGA Withdrawals (Table II) (-)","450232"
"2025-07-31","Treasury General Account (TGA) Closing Balance","497596"
"2025-07-30","Treasury General Account (TGA) Opening Balance","417834"
"2025-07-30","Total TGA Deposits (Table II)","16570"
"2025-07-30","Total TGA Withdrawals (Table II) (-)","14958"
"2025-07-30","Treasury General Account (TGA) Closing Balance","419446"
"2025-07-29","Treasury General Account (TGA) Opening Balance","362570"
"2025-07-29","Total TGA Deposits (Table II)","260748"
"2025-07-29","Total TGA Withdrawals (Table II) (-)","205483"
"2025-07-29","Treasury General Account (TGA) Closing Balance","417834"
"2025-07-28","Treasury General Account (TGA) Opening Balance","348098"
"2025-07-28","Total TGA Deposits (Table II)","30762"
"2025-07-28","Total TGA Withdrawals (Table II) (-)","16290"
"2025-07-28","Treasury General Account (TGA) Closing Balance","362570"
"2025-07-25","Treasury General Account (TGA) Opening Balance","349408"
"2025-07-25","Total TGA Deposits (Table II)","13692"
"2025-07-25","Total TGA Withdrawals (Table II) (-)","15002"
"2025-07-25","Treasury General Account (TGA) Closing Balance","348098"
"2025-07-24","Treasury General Account (TGA) Opening Balance","333538"
"2025-07-24","Total TGA Deposits (Table II)","250884"
"2025-07-24","Total TGA Withdrawals (Table II) (-)","235014"
"2025-07-24","Treasury General Account (TGA) Closing Balance","349408"
"2025-07-23","Treasury General Account (TGA) Opening Balance","345335"
"2025-07-23","Total TGA Deposits (Table II)","35019"
"2025-07-23","Total TGA Withdrawals (Table II) (-)","46817"
"2025-07-23","Treasury General Account (TGA) Closing Balance","333538"
"2025-07-22","Treasury General Account (TGA) Opening Balance","319359"
"2025-07-22","Total TGA Deposits (Table II)","246598"
"2025-07-22","Total TGA Withdrawals (Table II) (-)","220622"
"2025-07-22","Treasury General Account (TGA) Closing Balance","345335"
"2025-07-21","Treasury General Account (TGA) Opening Balance","315658"
"2025-07-21","Total TGA Deposits (Table II)","31580"
"2025-07-21","Total TGA Withdrawals (Table II) (-)","27879"
"2025-07-21","Treasury General Account (TGA) Closing Balance","319359"
"2025-07-18","Treasury General Account (TGA) Opening Balance","317026"
"2025-07-18","Total TGA Deposits (Table II)","17721"
"2025-07-18","Total TGA Withdrawals (Table II) (-)","19089"
"2025-07-18","Treasury General Account (TGA) Closing Balance","315658"
"2025-07-17","Treasury General Account (TGA) Opening Balance","312085"
"2025-07-17","Total TGA Deposits (Table II)","242555"
"2025-07-17","Total TGA Withdrawals (Table II) (-)","237615"
"2025-07-17","Treasury General Account (TGA) Closing Balance","317026"
"2025-07-16","Treasury General Account (TGA) Opening Balance","327937"
"2025-07-16","Total TGA Deposits (Table II)","29838"
"2025-07-16","Total TGA Withdrawals (Table II) (-)","45690"
"2025-07-16","Treasury General Account (TGA) Closing Balance","312085"
"2025-07-15","Treasury General Account (TGA) Opening Balance","298224"
"2025-07-15","Total TGA Deposits (Table II)","372370"
"2025-07-15","Total TGA Withdrawals (Table II) (-)","342658"
"2025-07-15","Treasury General Account (TGA) Closing Balance","327937"
"2025-07-14","Treasury General Account (TGA) Opening Balance","282363"
"2025-07-14","Total TGA Deposits (Table II)","30686"
"2025-07-14","Total TGA Withdrawals (Table II) (-)","14825"
"2025-07-14","Treasury General Account (TGA) Closing Balance","298224"
"2025-07-11","Treasury General Account (TGA) Opening Balance","288395"
"2025-07-11","Total TGA Deposits (Table II)","15386"
"2025-07-11","Total TGA Withdrawals (Table II) (-)","21419"
"2025-07-11","Treasury General Account (TGA) Closing Balance","282363"
"2025-07-10","Treasury General Account (TGA) Opening Balance","311048"
"2025-07-10","Total TGA Deposits (Table II)","276849"
"2025-07-10","Total TGA Withdrawals (Table II) (-)","299502"
"2025-07-10","Treasury General Account (TGA) Closing Balance","288395"
"2025-07-09","Treasury General Account (TGA) Opening Balance","343047"
"2025-07-09","Total TGA Deposits (Table II)","16206"
"2025-07-09","Total TGA Withdrawals (Table II) (-)","48205"
"2025-07-09","Treasury General Account (TGA) Closing Balance","311048"
"2025-07-08","Treasury General Account (TGA) Opening Balance","332482"
"2025-07-08","Total TGA Deposits (Table II)","237922"
"2025-07-08","Total TGA Withdrawals (Table II) (-)","227357"
"2025-07-08","Treasury General Account (TGA) Closing Balance","343047"
"2025-07-07","Treasury General Account (TGA) Opening Balance","313162"
"2025-07-07","Total TGA Deposits (Table II)","38702"
"2025-07-07","Total TGA Withdrawals (Table II) (-)","19382"
"2025-07-07","Treasury General Account (TGA) Closing Balance","332482"
"2025-07-03","Treasury General Account (TGA) Opening Balance","372232"
"2025-07-03","Total TGA Deposits (Table II)","224927"
"2025-07-03","Total TGA Withdrawals (Table II) (-)","283997"
"2025-07-03","Treasury General Account (TGA) Closing Balance","313162"
"2025-07-02","Treasury General Account (TGA) Opening Balance","367512"
"2025-07-02","Total TGA Deposits (Table II)","22411"
"2025-07-02","Total TGA Withdrawals (Table II) (-)","17691"
"2025-07-02","Treasury General Account (TGA) Closing Balance","372232"
"2025-07-01","Treasury General Account (TGA) Opening Balance","456980"
"2025-07-01","Total TGA Deposits (Table II)","265507"
"2025-07-01","Total TGA Withdrawals (Table II) (-)","354975"
"2025-07-01","Treasury General Account (TGA) Closing Balance","367512"
"2025-06-30","Treasury General Account (TGA) Opening Balance","338348"
"2025-06-30","Total TGA Deposits (Table II)","282619"
"2025-06-30","Total TGA Withdrawals (Table II) (-)","163987"
"2025-06-30","Treasury General Account (TGA) Closing Balance","456980"
"2025-06-27","Treasury General Account (TGA) Opening Balance","304841"
"2025-06-27","Total TGA Deposits (Table II)","50481"
"2025-06-27","Total TGA Withdrawals (Table II) (-)","16974"
"2025-06-27","Treasury General Account (TGA) Closing Balance","338348"
"2025-06-26","Treasury General Account (TGA) Opening Balance","334579"
"2025-06-26","Total TGA Deposits (Table II)","219365"
"2025-06-26","Total TGA Withdrawals (Table II) (-)","249102"
"2025-06-26","Treasury General Account (TGA) Closing Balance","304841"
"2025-06-25","Treasury General Account (TGA) Opening Balance","358071"
"2025-06-25","Total TGA Deposits (Table II)","24778"
"2025-06-25","Total TGA Withdrawals (Table II) (-)","48270"
"2025-06-25","Treasury General Account (TGA) Closing Balance","334579"
"2025-06-24","Treasury General Account (TGA) Opening Balance","374568"
"2025-06-24","Total TGA Deposits (Table II)","226684"
"2025-06-24","Total TGA Withdrawals (Table II) (-)","243181"
"2025-06-24","Treasury General Account (TGA) Closing Balance","358071"
"2025-06-23","Treasury General Account (TGA) Opening Balance","366520"
"2025-06-23","Total TGA Deposits (Table II)","37417"
"2025-06-23","Total TGA Withdrawals (Table II) (-)","29368"
"2025-06-23","Treasury General Account (TGA) Closing Balance","374568"
"2025-06-20","Treasury General Account (TGA) Opening Balance","383851"
"2025-06-20","Total TGA Deposits (Table II)","228967"
"2025-06-20","Total TGA Withdrawals (Table II) (-)","246298"
"2025-06-20","Treasury General Account (TGA) Closing Balance","366520"
"2025-06-18","Treasury General Account (TGA) Opening Balance","409139"
"2025-06-18","Total TGA Deposits (Table II)","29617"
"2025-06-18","Total TGA Withdrawals (Table II) (-)","54904"
"2025-06-18","Treasury General Account (TGA) Closing Balance","383851"
"2025-06-17","Treasury General Account (TGA) Opening Balance","446302"
"2025-06-17","Total TGA Deposits (Table II)","206443"
"2025-06-17","Total TGA Withdrawals (Table II) (-)","243607"
"2025-06-17","Treasury General Account (TGA) Closing Balance","409139"
"2025-06-16","Treasury General Account (TGA) Opening Balance","288078"
"2025-06-16","Total TGA Deposits (Table II)","232607"
"2025-06-16","Total TGA Withdrawals (Table II) (-)","74382"
"2025-06-16","Treasury General Account (TGA) Closing Balance","446302"
"2025-06-13","Treasury General Account (TGA) Opening Balance","260807"
"2025-06-13","Total TGA Deposits (Table II)","49868"
"2025-06-13","Total TGA Withdrawals (Table II) (-)","22597"
"2025-06-13","Treasury General Account (TGA) Closing Balance","288078"
"2025-06-12","Treasury General Account (TGA) Opening Balance","277025"
"2025-06-12","Total TGA Deposits (Table II)","276648"
"2025-06-12","Total TGA Withdrawals (Table II) (-)","292866"
"2025-06-12","Treasury General Account (TGA) Closing Balance","260807"
"2025-06-11","Treasury General Account (TGA) Opening Balance","309409"
"2025-06-11","Total TGA Deposits (Table II)","27397"
"2025-06-11","Total TGA Withdrawals (Table II) (-)","59781"
"2025-06-11","Treasury General Account (TGA) Closing Balance","277025"
"2025-06-10","Treasury General Account (TGA) Opening Balance","358796"
"2025-06-10","Total TGA Deposits (Table II)","199439"
"2025-06-10","Total TGA Withdrawals (Table II) (-)","248826"
"2025-06-10","Treasury General Account (TGA) Closing Balance","309409"
"2025-06-09","Treasury General Account (TGA) Opening Balance","344758"
"2025-06-09","Total TGA Deposits (Table II)","33349"
"2025-06-09","Total TGA Withdrawals (Table II) (-)","19312"
"2025-06-09","Treasury General Account (TGA) Closing Balance","358796"
"2025-06-06","Treasury General Account (TGA) Opening Balance","350843"
"2025-06-06","Total TGA Deposits (Table II)","16373"
"2025-06-06","Total TGA Withdrawals (Table II) (-)","22458"
"2025-06-06","Treasury General Account (TGA) Closing Balance","344758"
"2025-06-05","Treasury General Account (TGA) Opening Balance","376160"
"2025-06-05","Total TGA Deposits (Table II)","217052"
"2025-06-05","Total TGA Withdrawals (Table II) (-)","242369"
"2025-06-05","Treasury General Account (TGA) Closing Balance","350843"
"2025-06-04","Treasury General Account (TGA) Opening Balance","382937"
"2025-06-04","Total TGA Deposits (Table II)","19758"
"2025-06-04","Total TGA Withdrawals (Table II) (-)","26536"
"2025-06-04","Treasury General Account (TGA) Closing Balance","376160"
"2025-06-03","Treasury General Account (TGA) Opening Balance","439362"
"2025-06-03","Total TGA Deposits (Table II)","215789"
"2025-06-03","Total TGA Withdrawals (Table II) (-)","272214"
"2025-06-03","Treasury General Account (TGA) Closing Balance","382937"
"2025-06-02","Treasury General Account (TGA) Opening Balance","351443"
"2025-06-02","Total TGA Deposits (Table II)","277562"
"2025-06-02","Total TGA Withdrawals (Table II) (-)","189642"
"2025-06-02","Treasury General Account (TGA) Closing Balance","439362"
