asof,kind,maturity,coupon,isin,par,on_repo
2023-09-29,bond,2023-11-01,0.5,CA135087M763,4557.243,1139.0
2023-09-29,bond,2024-02-01,0.75,CA135087M920,3566.474,
2023-09-29,bond,2024-03-01,2.25,CA135087J546,6611.368,341.0
2023-09-29,bond,2024-04-01,0.25,CA135087L690,23275.739,409.0
2023-09-29,bond,2024-05-01,1.5,CA135087N423,1005.0,
2023-09-29,bond,2024-06-01,2.5,CA135087B451,6304.081,90.0
2023-09-29,bond,2024-09-01,1.5,CA135087J967,10042.352,1529.0
2023-09-29,bond,2024-10-01,0.75,CA135087M508,4062.206,758.0
2023-09-29,bond,2025-03-01,1.25,CA135087K528,12055.174,1003.0
2023-09-29,bond,2025-04-01,1.5,CA135087N340,600.0,
2023-09-29,bond,2025-06-01,2.25,CA135087D507,4281.933,133.0
2023-09-29,bond,2025-06-01,9.0,CA135087VH40,545.039,28.0
2023-09-29,bond,2025-09-01,0.5,CA135087K940,25819.675,
2023-09-29,bond,2026-03-01,0.25,CA135087L518,20536.229,925.0
2023-09-29,bond,2026-06-01,1.5,CA135087E679,7715.229,373.0
2023-09-29,bond,2026-09-01,1.0,CA135087L930,8403.101,138.0
2023-09-29,bond,2026-12-01,4.25,CA135087VS05,440.0,
2023-09-29,bond,2027-03-01,1.25,CA135087M847,2194.445,
2023-09-29,bond,2027-06-01,1.0,CA135087F825,8534.306,837.0
2023-09-29,bond,2027-06-01,8.0,CA135087VW17,2454.089,
2023-09-29,bond,2028-06-01,2.0,CA135087H235,8435.363,408.0
2023-09-29,bond,2029-06-01,2.25,CA135087J397,7890.136,266.0
2023-09-29,bond,2029-06-01,5.75,CA135087WL43,4909.719,
2023-09-29,bond,2030-06-01,1.25,CA135087K379,17477.505,
2023-09-29,bond,2030-12-01,0.5,CA135087L443,17051.478,
2023-09-29,bond,2031-06-01,1.5,CA135087M276,10856.641,
2023-09-29,bond,2031-12-01,1.5,CA135087N266,3648.167,
2023-09-29,bond,2031-12-01,4.0,CA135087WV25,406.0,
2023-09-29,bond,2032-06-01,2.0,CA135087N597,595.0,
2023-09-29,bond,2033-06-01,5.75,CA135087XG49,5099.69,
2023-09-29,bond,2036-12-01,3.0,CA135087XQ21,440.0,
2023-09-29,bond,2037-06-01,5.0,CA135087XW98,7740.024,580.0
2023-09-29,bond,2041-06-01,4.0,CA135087YQ12,6953.855,
2023-09-29,bond,2041-12-01,2.0,CA135087YK42,429.0,
2023-09-29,bond,2044-12-01,1.5,CA135087ZH04,424.6,
2023-09-29,bond,2045-12-01,3.5,CA135087ZS68,8925.652,19.0
2023-09-29,bond,2047-12-01,1.25,CA135087B949,392.7,
2023-09-29,bond,2048-12-01,2.75,CA135087D358,6371.15,27.0
2023-09-29,bond,2050-12-01,0.5,CA135087G997,76.0,
2023-09-29,bond,2051-12-01,2.0,CA135087H722,18006.997,
2023-09-29,bond,2053-12-01,1.75,CA135087M680,2965.11,
2023-09-29,bond,2064-12-01,2.75,CA135087C939,2194.182,
2023-09-29,cmb,2023-12-15,2.55,CA13509PGU18,757.0,
2023-09-29,cmb,2024-06-15,2.9,CA13509PEF68,1013.5,
2023-09-29,cmb,2025-06-15,0.95,CA13509PHN65,734.0,
2023-09-29,cmb,2025-12-15,1.95,CA13509PFA62,102.0,
2023-09-29,cmb,2025-12-15,2.25,CA13509PFD02,98.0,
2023-09-29,cmb,2026-09-15,1.9,CA13509PFL28,337.5,
2023-09-29,cmb,2027-06-15,2.35,CA13509PFX65,975.5,
2023-09-29,cmb,2028-03-15,2.35,CA13509PGF41,430.0,
2023-09-29,cmb,2028-03-15,2.65,CA13509PGL19,732.0,
2023-09-29,cmb,2028-12-15,2.65,CA13509PGS61,1077.0,
2023-09-29,cmb,2029-09-15,2.1,CA13509PHD83,621.5,
2023-09-29,cmb,2030-06-15,1.75,CA13509PHM82,270.0,
2023-10-31,bond,2023-11-01,0.5,CA135087M763,4557.243,459.0
2023-10-31,bond,2024-02-01,0.75,CA135087M920,3566.474,
2023-10-31,bond,2024-03-01,2.25,CA135087J546,6611.368,110.0
2023-10-31,bond,2024-04-01,0.25,CA135087L690,23275.739,1000.0
2023-10-31,bond,2024-05-01,1.5,CA135087N423,1005.0,
2023-10-31,bond,2024-06-01,2.5,CA135087B451,6304.081,
2023-10-31,bond,2024-09-01,1.5,CA135087J967,10042.352,367.0
2023-10-31,bond,2024-10-01,0.75,CA135087M508,4062.206,665.0
2023-10-31,bond,2025-03-01,1.25,CA135087K528,12055.174,396.0
2023-10-31,bond,2025-04-01,1.5,CA135087N340,600.0,
2023-10-31,bond,2025-06-01,2.25,CA135087D507,4281.933,
2023-10-31,bond,2025-06-01,9.0,CA135087VH40,545.039,26.0
2023-10-31,bond,2025-09-01,0.5,CA135087K940,25819.675,
2023-10-31,bond,2026-03-01,0.25,CA135087L518,20536.229,12.0
2023-10-31,bond,2026-06-01,1.5,CA135087E679,7715.229,310.0
2023-10-31,bond,2026-09-01,1.0,CA135087L930,8403.101,185.0
2023-10-31,bond,2026-12-01,4.25,CA135087VS05,440.0,
2023-10-31,bond,2027-03-01,1.25,CA135087M847,2194.445,
2023-10-31,bond,2027-06-01,1.0,CA135087F825,8534.306,126.0
2023-10-31,bond,2027-06-01,8.0,CA135087VW17,2454.089,
2023-10-31,bond,2028-06-01,2.0,CA135087H235,8435.363,250.0
2023-10-31,bond,2029-06-01,2.25,CA135087J397,7890.136,175.0
2023-10-31,bond,2029-06-01,5.75,CA135087WL43,4909.719,
2023-10-31,bond,2030-06-01,1.25,CA135087K379,17477.505,
2023-10-31,bond,2030-12-01,0.5,CA135087L443,17051.478,
2023-10-31,bond,2031-06-01,1.5,CA135087M276,10856.641,
2023-10-31,bond,2031-12-01,1.5,CA135087N266,3648.167,
2023-10-31,bond,2031-12-01,4.0,CA135087WV25,406.0,
2023-10-31,bond,2032-06-01,2.0,CA135087N597,595.0,
2023-10-31,bond,2033-06-01,5.75,CA135087XG49,5099.69,
2023-10-31,bond,2036-12-01,3.0,CA135087XQ21,440.0,
2023-10-31,bond,2037-06-01,5.0,CA135087XW98,7740.024,1044.0
2023-10-31,bond,2041-06-01,4.0,CA135087YQ12,6953.855,
2023-10-31,bond,2041-12-01,2.0,CA135087YK42,429.0,
2023-10-31,bond,2044-12-01,1.5,CA135087ZH04,424.6,
2023-10-31,bond,2045-12-01,3.5,CA135087ZS68,8925.652,
2023-10-31,bond,2047-12-01,1.25,CA135087B949,392.7,
2023-10-31,bond,2048-12-01,2.75,CA135087D358,6371.15,
2023-10-31,bond,2050-12-01,0.5,CA135087G997,76.0,
2023-10-31,bond,2051-12-01,2.0,CA135087H722,18006.997,
2023-10-31,bond,2053-12-01,1.75,CA135087M680,2965.11,
2023-10-31,bond,2064-12-01,2.75,CA135087C939,2194.182,
2023-10-31,cmb,2023-12-15,2.55,CA13509PGU18,757.0,
2023-10-31,cmb,2024-06-15,2.9,CA13509PEF68,1013.5,
2023-10-31,cmb,2025-06-15,0.95,CA13509PHN65,734.0,
2023-10-31,cmb,2025-12-15,1.95,CA13509PFA62,102.0,
2023-10-31,cmb,2025-12-15,2.25,CA13509PFD02,98.0,
2023-10-31,cmb,2026-09-15,1.9,CA13509PFL28,337.5,
2023-10-31,cmb,2027-06-15,2.35,CA13509PFX65,975.5,
2023-10-31,cmb,2028-03-15,2.35,CA13509PGF41,430.0,
2023-10-31,cmb,2028-03-15,2.65,CA13509PGL19,732.0,
2023-10-31,cmb,2028-12-15,2.65,CA13509PGS61,1077.0,
2023-10-31,cmb,2029-09-15,2.1,CA13509PHD83,621.5,
2023-10-31,cmb,2030-06-15,1.75,CA13509PHM82,270.0,
2023-11-30,bond,2024-02-01,0.75,CA135087M920,3566.474,
2023-11-30,bond,2024-03-01,2.25,CA135087J546,6611.368,246.0
2023-11-30,bond,2024-04-01,0.25,CA135087L690,23275.739,1130.0
2023-11-30,bond,2024-05-01,1.5,CA135087N423,1005.0,
2023-11-30,bond,2024-06-01,2.5,CA135087B451,6304.081,50.0
2023-11-30,bond,2024-09-01,1.5,CA135087J967,10042.352,1281.0
2023-11-30,bond,2024-10-01,0.75,CA135087M508,4062.206,443.0
2023-11-30,bond,2025-03-01,1.25,CA135087K528,12055.174,282.0
2023-11-30,bond,2025-04-01,1.5,CA135087N340,600.0,
2023-11-30,bond,2025-06-01,2.25,CA135087D507,4281.933,
2023-11-30,bond,2025-06-01,9.0,CA135087VH40,545.039,24.0
2023-11-30,bond,2025-09-01,0.5,CA135087K940,25819.675,6.0
2023-11-30,bond,2026-03-01,0.25,CA135087L518,20536.229,555.0
2023-11-30,bond,2026-06-01,1.5,CA135087E679,7715.229,411.0
2023-11-30,bond,2026-09-01,1.0,CA135087L930,8403.101,294.0
2023-11-30,bond,2026-12-01,4.25,CA135087VS05,440.0,
2023-11-30,bond,2027-03-01,1.25,CA135087M847,2194.445,
2023-11-30,bond,2027-06-01,1.0,CA135087F825,8534.306,944.0
2023-11-30,bond,2027-06-01,8.0,CA135087VW17,2454.089,
2023-11-30,bond,2028-06-01,2.0,CA135087H235,8435.363,
2023-11-30,bond,2029-06-01,2.25,CA135087J397,7890.136,322.0
2023-11-30,bond,2029-06-01,5.75,CA135087WL43,4909.719,
2023-11-30,bond,2030-06-01,1.25,CA135087K379,17477.505,74.0
2023-11-30,bond,2030-12-01,0.5,CA135087L443,17051.478,
2023-11-30,bond,2031-06-01,1.5,CA135087M276,10856.641,
2023-11-30,bond,2031-12-01,1.5,CA135087N266,3648.167,
2023-11-30,bond,2031-12-01,4.0,CA135087WV25,406.0,
2023-11-30,bond,2032-06-01,2.0,CA135087N597,595.0,
2023-11-30,bond,2033-06-01,5.75,CA135087XG49,5099.69,
2023-11-30,bond,2036-12-01,3.0,CA135087XQ21,440.0,
2023-11-30,bond,2037-06-01,5.0,CA135087XW98,7740.024,794.0
2023-11-30,bond,2041-06-01,4.0,CA135087YQ12,6953.855,
2023-11-30,bond,2041-12-01,2.0,CA135087YK42,429.0,
2023-11-30,bond,2044-12-01,1.5,CA135087ZH04,424.6,
2023-11-30,bond,2045-12-01,3.5,CA135087ZS68,8925.652,
2023-11-30,bond,2047-12-01,1.25,CA135087B949,392.7,
2023-11-30,bond,2048-12-01,2.75,CA135087D358,6371.15,
2023-11-30,bond,2050-12-01,0.5,CA135087G997,76.0,
2023-11-30,bond,2051-12-01,2.0,CA135087H722,18006.997,
2023-11-30,bond,2053-12-01,1.75,CA135087M680,2965.11,
2023-11-30,bond,2064-12-01,2.75,CA135087C939,2194.182,
2023-11-30,cmb,2023-12-15,2.55,CA13509PGU18,757.0,
2023-11-30,cmb,2024-06-15,2.9,CA13509PEF68,1013.5,
2023-11-30,cmb,2025-06-15,0.95,CA13509PHN65,734.0,
2023-11-30,cmb,2025-12-15,1.95,CA13509PFA62,102.0,
2023-11-30,cmb,2025-12-15,2.25,CA13509PFD02,98.0,
2023-11-30,cmb,2026-09-15,1.9,CA13509PFL28,337.5,
2023-11-30,cmb,2027-06-15,2.35,CA13509PFX65,975.5,
2023-11-30,cmb,2028-03-15,2.35,CA13509PGF41,430.0,
2023-11-30,cmb,2028-03-15,2.65,CA13509PGL19,732.0,
2023-11-30,cmb,2028-12-15,2.65,CA13509PGS61,1077.0,
2023-11-30,cmb,2029-09-15,2.1,CA13509PHD83,621.5,
2023-11-30,cmb,2030-06-15,1.75,CA13509PHM82,270.0,
2023-12-29,bond,2024-02-01,0.75,CA135087M920,3566.474,
2023-12-29,bond,2024-03-01,2.25,CA135087J546,6611.368,224.0
2023-12-29,bond,2024-04-01,0.25,CA135087L690,23275.739,364.0
2023-12-29,bond,2024-05-01,1.5,CA135087N423,1005.0,
2023-12-29,bond,2024-06-01,2.5,CA135087B451,6304.081,
2023-12-29,bond,2024-09-01,1.5,CA135087J967,10042.352,1139.0
2023-12-29,bond,2024-10-01,0.75,CA135087M508,4062.206,999.0
2023-12-29,bond,2025-03-01,1.25,CA135087K528,12055.174,454.0
2023-12-29,bond,2025-04-01,1.5,CA135087N340,600.0,
2023-12-29,bond,2025-06-01,2.25,CA135087D507,4281.933,
2023-12-29,bond,2025-06-01,9.0,CA135087VH40,545.039,22.0
2023-12-29,bond,2025-09-01,0.5,CA135087K940,25819.675,
2023-12-29,bond,2026-03-01,0.25,CA135087L518,20536.229,865.0
2023-12-29,bond,2026-06-01,1.5,CA135087E679,7715.229,100.0
2023-12-29,bond,2026-09-01,1.0,CA135087L930,8403.101,25.0
2023-12-29,bond,2026-12-01,4.25,CA135087VS05,440.0,
2023-12-29,bond,2027-03-01,1.25,CA135087M847,2194.445,
2023-12-29,bond,2027-06-01,1.0,CA135087F825,8534.306,530.0
2023-12-29,bond,2027-06-01,8.0,CA135087VW17,2454.089,
2023-12-29,bond,2028-06-01,2.0,CA135087H235,8435.363,150.0
2023-12-29,bond,2029-06-01,2.25,CA135087J397,7890.136,408.0
2023-12-29,bond,2029-06-01,5.75,CA135087WL43,4909.719,
2023-12-29,bond,2030-06-01,1.25,CA135087K379,17477.505,
2023-12-29,bond,2030-12-01,0.5,CA135087L443,17051.478,
2023-12-29,bond,2031-06-01,1.5,CA135087M276,10856.641,
2023-12-29,bond,2031-12-01,1.5,CA135087N266,3648.167,
2023-12-29,bond,2031-12-01,4.0,CA135087WV25,406.0,
2023-12-29,bond,2032-06-01,2.0,CA135087N597,595.0,
2023-12-29,bond,2033-06-01,5.75,CA135087XG49,5099.69,
2023-12-29,bond,2036-12-01,3.0,CA135087XQ21,440.0,
2023-12-29,bond,2037-06-01,5.0,CA135087XW98,7740.024,840.0
2023-12-29,bond,2041-06-01,4.0,CA135087YQ12,6953.855,
2023-12-29,bond,2041-12-01,2.0,CA135087YK42,429.0,
2023-12-29,bond,2044-12-01,1.5,CA135087ZH04,424.6,
2023-12-29,bond,2045-12-01,3.5,CA135087ZS68,8925.652,
2023-12-29,bond,2047-12-01,1.25,CA135087B949,392.7,
2023-12-29,bond,2048-12-01,2.75,CA135087D358,6371.15,
2023-12-29,bond,2050-12-01,0.5,CA135087G997,76.0,
2023-12-29,bond,2051-12-01,2.0,CA135087H722,18006.997,
2023-12-29,bond,2053-12-01,1.75,CA135087M680,2965.11,
2023-12-29,bond,2064-12-01,2.75,CA135087C939,2194.182,
2023-12-29,cmb,2024-06-15,2.9,CA13509PEF68,1013.5,
2023-12-29,cmb,2025-06-15,0.95,CA13509PHN65,734.0,
2023-12-29,cmb,2025-12-15,1.95,CA13509PFA62,102.0,
2023-12-29,cmb,2025-12-15,2.25,CA13509PFD02,98.0,
2023-12-29,cmb,2026-09-15,1.9,CA13509PFL28,337.5,
2023-12-29,cmb,2027-06-15,2.35,CA13509PFX65,975.5,
2023-12-29,cmb,2028-03-15,2.35,CA13509PGF41,430.0,
2023-12-29,cmb,2028-03-15,2.65,CA13509PGL19,732.0,
2023-12-29,cmb,2028-12-15,2.65,CA13509PGS61,1077.0,
2023-12-29,cmb,2029-09-15,2.1,CA13509PHD83,621.5,
2023-12-29,cmb,2030-06-15,1.75,CA13509PHM82,270.0,
2024-01-31,bond,2024-02-01,0.75,CA135087M920,3566.474,38.0
2024-01-31,bond,2024-03-01,2.25,CA135087J546,6611.368,346.0
2024-01-31,bond,2024-04-01,0.25,CA135087L690,23275.739,1684.0
2024-01-31,bond,2024-05-01,1.5,CA135087N423,1005.0,
2024-01-31,bond,2024-06-01,2.5,CA135087B451,6304.081,
2024-01-31,bond,2024-09-01,1.5,CA135087J967,10042.352,2275.0
2024-01-31,bond,2024-10-01,0.75,CA135087M508,4062.206,447.0
2024-01-31,bond,2025-03-01,1.25,CA135087K528,12055.174,
2024-01-31,bond,2025-04-01,1.5,CA135087N340,600.0,
2024-01-31,bond,2025-06-01,2.25,CA135087D507,4281.933,70.0
2024-01-31,bond,2025-06-01,9.0,CA135087VH40,545.039,33.0
2024-01-31,bond,2025-09-01,0.5,CA135087K940,25819.675,
2024-01-31,bond,2026-03-01,0.25,CA135087L518,20536.229,
2024-01-31,bond,2026-06-01,1.5,CA135087E679,7715.229,145.0
2024-01-31,bond,2026-09-01,1.0,CA135087L930,8403.101,5.0
2024-01-31,bond,2026-12-01,4.25,CA135087VS05,440.0,
2024-01-31,bond,2027-03-01,1.25,CA135087M847,2194.445,
2024-01-31,bond,2027-06-01,1.0,CA135087F825,8534.306,342.0
2024-01-31,bond,2027-06-01,8.0,CA135087VW17,2454.089,
2024-01-31,bond,2028-06-01,2.0,CA135087H235,8435.363,
2024-01-31,bond,2029-06-01,2.25,CA135087J397,7890.136,320.0
2024-01-31,bond,2029-06-01,5.75,CA135087WL43,4909.719,
2024-01-31,bond,2030-06-01,1.25,CA135087K379,17477.505,
2024-01-31,bond,2030-12-01,0.5,CA135087L443,17051.478,
2024-01-31,bond,2031-06-01,1.5,CA135087M276,10856.641,
2024-01-31,bond,2031-12-01,1.5,CA135087N266,3648.167,
2024-01-31,bond,2031-12-01,4.0,CA135087WV25,406.0,
2024-01-31,bond,2032-06-01,2.0,CA135087N597,595.0,
2024-01-31,bond,2033-06-01,5.75,CA135087XG49,5099.69,
2024-01-31,bond,2036-12-01,3.0,CA135087XQ21,440.0,
2024-01-31,bond,2037-06-01,5.0,CA135087XW98,7740.024,890.0
2024-01-31,bond,2041-06-01,4.0,CA135087YQ12,6953.855,
2024-01-31,bond,2041-12-01,2.0,CA135087YK42,429.0,
2024-01-31,bond,2044-12-01,1.5,CA135087ZH04,424.6,
2024-01-31,bond,2045-12-01,3.5,CA135087ZS68,8925.652,
2024-01-31,bond,2047-12-01,1.25,CA135087B949,392.7,
2024-01-31,bond,2048-12-01,2.75,CA135087D358,6371.15,
2024-01-31,bond,2050-12-01,0.5,CA135087G997,76.0,
2024-01-31,bond,2051-12-01,2.0,CA135087H722,18006.997,
2024-01-31,bond,2053-12-01,1.75,CA135087M680,2965.11,
2024-01-31,bond,2064-12-01,2.75,CA135087C939,2194.182,
2024-01-31,cmb,2024-06-15,2.9,CA13509PEF68,1013.5,
2024-01-31,cmb,2025-06-15,0.95,CA13509PHN65,734.0,
2024-01-31,cmb,2025-12-15,1.95,CA13509PFA62,102.0,
2024-01-31,cmb,2025-12-15,2.25,CA13509PFD02,98.0,
2024-01-31,cmb,2026-09-15,1.9,CA13509PFL28,337.5,
2024-01-31,cmb,2027-06-15,2.35,CA13509PFX65,975.5,
2024-01-31,cmb,2028-03-15,2.35,CA13509PGF41,430.0,
2024-01-31,cmb,2028-03-15,2.65,CA13509PGL19,732.0,
2024-01-31,cmb,2028-12-15,2.65,CA13509PGS61,1077.0,
2024-01-31,cmb,2029-09-15,2.1,CA13509PHD83,621.5,
2024-01-31,cmb,2030-06-15,1.75,CA13509PHM82,270.0,
2024-02-29,bond,2024-03-01,2.25,CA135087J546,6611.368,207.0
2024-02-29,bond,2024-04-01,0.25,CA135087L690,23275.739,1195.0
2024-02-29,bond,2024-05-01,1.5,CA135087N423,1005.0,
2024-02-29,bond,2024-06-01,2.5,CA135087B451,6304.081,
2024-02-29,bond,2024-09-01,1.5,CA135087J967,10042.352,376.0
2024-02-29,bond,2024-10-01,0.75,CA135087M508,4062.206,393.0
2024-02-29,bond,2025-03-01,1.25,CA135087K528,12055.174,537.0
2024-02-29,bond,2025-04-01,1.5,CA135087N340,600.0,
2024-02-29,bond,2025-06-01,2.25,CA135087D507,4281.933,180.0
2024-02-29,bond,2025-06-01,9.0,CA135087VH40,545.039,34.0
2024-02-29,bond,2025-09-01,0.5,CA135087K940,25819.675,
2024-02-29,bond,2026-03-01,0.25,CA135087L518,20536.229,118.0
2024-02-29,bond,2026-06-01,1.5,CA135087E679,7715.229,10.0
2024-02-29,bond,2026-09-01,1.0,CA135087L930,8403.101,170.0
2024-02-29,bond,2026-12-01,4.25,CA135087VS05,440.0,
2024-02-29,bond,2027-03-01,1.25,CA135087M847,2194.445,
2024-02-29,bond,2027-06-01,1.0,CA135087F825,8534.306,159.0
2024-02-29,bond,2027-06-01,8.0,CA135087VW17,2454.089,
2024-02-29,bond,2028-06-01,2.0,CA135087H235,8435.363,153.0
2024-02-29,bond,2029-06-01,2.25,CA135087J397,7890.136,605.0
2024-02-29,bond,2029-06-01,5.75,CA135087WL43,4909.719,
2024-02-29,bond,2030-06-01,1.25,CA135087K379,17477.505,
2024-02-29,bond,2030-12-01,0.5,CA135087L443,17051.478,
2024-02-29,bond,2031-06-01,1.5,CA135087M276,10856.641,
2024-02-29,bond,2031-12-01,1.5,CA135087N266,3648.167,
2024-02-29,bond,2031-12-01,4.0,CA135087WV25,406.0,
2024-02-29,bond,2032-06-01,2.0,CA135087N597,595.0,
2024-02-29,bond,2033-06-01,5.75,CA135087XG49,5099.69,
2024-02-29,bond,2036-12-01,3.0,CA135087XQ21,440.0,
2024-02-29,bond,2037-06-01,5.0,CA135087XW98,7740.024,751.0
2024-02-29,bond,2041-06-01,4.0,CA135087YQ12,6953.855,
2024-02-29,bond,2041-12-01,2.0,CA135087YK42,429.0,
2024-02-29,bond,2044-12-01,1.5,CA135087ZH04,424.6,
2024-02-29,bond,2045-12-01,3.5,CA135087ZS68,8925.652,35.0
2024-02-29,bond,2047-12-01,1.25,CA135087B949,392.7,
2024-02-29,bond,2048-12-01,2.75,CA135087D358,6371.15,
2024-02-29,bond,2050-12-01,0.5,CA135087G997,76.0,
2024-02-29,bond,2051-12-01,2.0,CA135087H722,18006.997,
2024-02-29,bond,2053-12-01,1.75,CA135087M680,2965.11,
2024-02-29,bond,2064-12-01,2.75,CA135087C939,2194.182,
2024-02-29,cmb,2024-06-15,2.9,CA13509PEF68,1013.5,
2024-02-29,cmb,2025-06-15,0.95,CA13509PHN65,734.0,
2024-02-29,cmb,2025-12-15,1.95,CA13509PFA62,102.0,
2024-02-29,cmb,2025-12-15,2.25,CA13509PFD02,98.0,
2024-02-29,cmb,2026-09-15,1.9,CA13509PFL28,337.5,
2024-02-29,cmb,2027-06-15,2.35,CA13509PFX65,975.5,
2024-02-29,cmb,2028-03-15,2.35,CA13509PGF41,430.0,
2024-02-29,cmb,2028-03-15,2.65,CA13509PGL19,732.0,
2024-02-29,cmb,2028-12-15,2.65,CA13509PGS61,1077.0,
2024-02-29,cmb,2029-09-15,2.1,CA13509PHD83,621.5,
2024-02-29,cmb,2030-06-15,1.75,CA13509PHM82,270.0,
2024-03-28,bond,2024-04-01,0.25,CA135087L690,23275.739,292.0
2024-03-28,bond,2024-05-01,1.5,CA135087N423,1005.0,
2024-03-28,bond,2024-06-01,2.5,CA135087B451,6304.081,
2024-03-28,bond,2024-09-01,1.5,CA135087J967,10042.352,77.0
2024-03-28,bond,2024-10-01,0.75,CA135087M508,4062.206,596.0
2024-03-28,bond,2025-03-01,1.25,CA135087K528,12055.174,511.0
2024-03-28,bond,2025-04-01,1.5,CA135087N340,600.0,
2024-03-28,bond,2025-06-01,2.25,CA135087D507,4281.933,4.0
2024-03-28,bond,2025-06-01,9.0,CA135087VH40,545.039,34.0
2024-03-28,bond,2025-09-01,0.5,CA135087K940,25819.675,
2024-03-28,bond,2026-03-01,0.25,CA135087L518,20536.229,98.0
2024-03-28,bond,2026-06-01,1.5,CA135087E679,7715.229,40.0
2024-03-28,bond,2026-09-01,1.0,CA135087L930,8403.101,
2024-03-28,bond,2026-12-01,4.25,CA135087VS05,440.0,
2024-03-28,bond,2027-03-01,1.25,CA135087M847,2194.445,
2024-03-28,bond,2027-06-01,1.0,CA135087F825,8534.306,808.0
2024-03-28,bond,2027-06-01,8.0,CA135087VW17,2454.089,
2024-03-28,bond,2028-06-01,2.0,CA135087H235,8435.363,
2024-03-28,bond,2029-06-01,2.25,CA135087J397,7890.136,650.0
2024-03-28,bond,2029-06-01,5.75,CA135087WL43,4909.719,
2024-03-28,bond,2030-06-01,1.25,CA135087K379,17477.505,
2024-03-28,bond,2030-12-01,0.5,CA135087L443,17051.478,
2024-03-28,bond,2031-06-01,1.5,CA135087M276,10856.641,
2024-03-28,bond,2031-12-01,1.5,CA135087N266,3648.167,
2024-03-28,bond,2031-12-01,4.0,CA135087WV25,406.0,
2024-03-28,bond,2032-06-01,2.0,CA135087N597,595.0,
2024-03-28,bond,2033-06-01,5.75,CA135087XG49,5099.69,
2024-03-28,bond,2036-12-01,3.0,CA135087XQ21,440.0,
2024-03-28,bond,2037-06-01,5.0,CA135087XW98,7740.024,723.0
2024-03-28,bond,2041-06-01,4.0,CA135087YQ12,6953.855,
2024-03-28,bond,2041-12-01,2.0,CA135087YK42,429.0,
2024-03-28,bond,2044-12-01,1.5,CA135087ZH04,424.6,
2024-03-28,bond,2045-12-01,3.5,CA135087ZS68,8925.652,29.0
2024-03-28,bond,2047-12-01,1.25,CA135087B949,392.7,
2024-03-28,bond,2048-12-01,2.75,CA135087D358,6371.15,
2024-03-28,bond,2050-12-01,0.5,CA135087G997,76.0,
2024-03-28,bond,2051-12-01,2.0,CA135087H722,18006.997,
2024-03-28,bond,2053-12-01,1.75,CA135087M680,2965.11,
2024-03-28,bond,2064-12-01,2.75,CA135087C939,2194.182,
2024-03-28,cmb,2024-06-15,2.9,CA13509PEF68,1013.5,
2024-03-28,cmb,2025-06-15,0.95,CA13509PHN65,734.0,
2024-03-28,cmb,2025-12-15,1.95,CA13509PFA62,102.0,
2024-03-28,cmb,2025-12-15,2.25,CA13509PFD02,98.0,
2024-03-28,cmb,2026-09-15,1.9,CA13509PFL28,337.5,
2024-03-28,cmb,2027-06-15,2.35,CA13509PFX65,975.5,
2024-03-28,cmb,2028-03-15,2.35,CA13509PGF41,430.0,
2024-03-28,cmb,2028-03-15,2.65,CA13509PGL19,732.0,
2024-03-28,cmb,2028-12-15,2.65,CA13509PGS61,1077.0,
2024-03-28,cmb,2029-09-15,2.1,CA13509PHD83,621.5,
2024-03-28,cmb,2030-06-15,1.75,CA13509PHM82,270.0,
2024-04-30,bond,2024-05-01,1.5,CA135087N423,1005.0,
2024-04-30,bond,2024-06-01,2.5,CA135087B451,6304.081,150.0
2024-04-30,bond,2024-09-01,1.5,CA135087J967,10042.352,511.0
2024-04-30,bond,2024-10-01,0.75,CA135087M508,4062.206,762.0
2024-04-30,bond,2025-03-01,1.25,CA135087K528,12055.174,320.0
2024-04-30,bond,2025-04-01,1.5,CA135087N340,600.0,
2024-04-30,bond,2025-06-01,2.25,CA135087D507,4281.933,
2024-04-30,bond,2025-06-01,9.0,CA135087VH40,545.039,35.0
2024-04-30,bond,2025-09-01,0.5,CA135087K940,25819.675,
2024-04-30,bond,2026-03-01,0.25,CA135087L518,20536.229,108.0
2024-04-30,bond,2026-06-01,1.5,CA135087E679,7715.229,131.0
2024-04-30,bond,2026-09-01,1.0,CA135087L930,8403.101,
2024-04-30,bond,2026-12-01,4.25,CA135087VS05,440.0,
2024-04-30,bond,2027-03-01,1.25,CA135087M847,2194.445,
2024-04-30,bond,2027-06-01,1.0,CA135087F825,8534.306,302.0
2024-04-30,bond,2027-06-01,8.0,CA135087VW17,2454.089,
2024-04-30,bond,2028-06-01,2.0,CA135087H235,8435.363,
2024-04-30,bond,2029-06-01,2.25,CA135087J397,7890.136,351.0
2024-04-30,bond,2029-06-01,5.75,CA135087WL43,4909.719,
2024-04-30,bond,2030-06-01,1.25,CA135087K379,17477.505,
2024-04-30,bond,2030-12-01,0.5,CA135087L443,17051.478,
2024-04-30,bond,2031-06-01,1.5,CA135087M276,10856.641,
2024-04-30,bond,2031-12-01,1.5,CA135087N266,3648.167,
2024-04-30,bond,2031-12-01,4.0,CA135087WV25,406.0,
2024-04-30,bond,2032-06-01,2.0,CA135087N597,595.0,
2024-04-30,bond,2033-06-01,5.75,CA135087XG49,5099.69,
2024-04-30,bond,2036-12-01,3.0,CA135087XQ21,440.0,
2024-04-30,bond,2037-06-01,5.0,CA135087XW98,7740.024,798.0
2024-04-30,bond,2041-06-01,4.0,CA135087YQ12,6953.855,
2024-04-30,bond,2041-12-01,2.0,CA135087YK42,429.0,
2024-04-30,bond,2044-12-01,1.5,CA135087ZH04,424.6,
2024-04-30,bond,2045-12-01,3.5,CA135087ZS68,8925.652,
2024-04-30,bond,2047-12-01,1.25,CA135087B949,392.7,
2024-04-30,bond,2048-12-01,2.75,CA135087D358,6371.15,
2024-04-30,bond,2050-12-01,0.5,CA135087G997,76.0,
2024-04-30,bond,2051-12-01,2.0,CA135087H722,18006.997,
2024-04-30,bond,2053-12-01,1.75,CA135087M680,2965.11,
2024-04-30,bond,2064-12-01,2.75,CA135087C939,2194.182,
2024-04-30,cmb,2024-06-15,2.9,CA13509PEF68,1013.5,
2024-04-30,cmb,2025-06-15,0.95,CA13509PHN65,734.0,
2024-04-30,cmb,2025-12-15,1.95,CA13509PFA62,102.0,
2024-04-30,cmb,2025-12-15,2.25,CA13509PFD02,98.0,
2024-04-30,cmb,2026-09-15,1.9,CA13509PFL28,337.5,
2024-04-30,cmb,2027-06-15,2.35,CA13509PFX65,975.5,
2024-04-30,cmb,2028-03-15,2.35,CA13509PGF41,430.0,
2024-04-30,cmb,2028-03-15,2.65,CA13509PGL19,732.0,
2024-04-30,cmb,2028-12-15,2.65,CA13509PGS61,1077.0,
2024-04-30,cmb,2029-09-15,2.1,CA13509PHD83,621.5,
2024-04-30,cmb,2030-06-15,1.75,CA13509PHM82,270.0,
2024-05-31,bond,2024-06-01,2.5,CA135087B451,6304.081,603.0
2024-05-31,bond,2024-09-01,1.5,CA135087J967,10042.352,795.0
2024-05-31,bond,2024-10-01,0.75,CA135087M508,4062.206,976.0
2024-05-31,bond,2025-03-01,1.25,CA135087K528,12055.174,197.0
2024-05-31,bond,2025-04-01,1.5,CA135087N340,600.0,
2024-05-31,bond,2025-06-01,2.25,CA135087D507,4281.933,
2024-05-31,bond,2025-06-01,9.0,CA135087VH40,545.039,39.0
2024-05-31,bond,2025-09-01,0.5,CA135087K940,25819.675,12.0
2024-05-31,bond,2026-03-01,0.25,CA135087L518,20536.229,152.0
2024-05-31,bond,2026-06-01,1.5,CA135087E679,7715.229,71.0
2024-05-31,bond,2026-09-01,1.0,CA135087L930,8403.101,
2024-05-31,bond,2026-12-01,4.25,CA135087VS05,440.0,
2024-05-31,bond,2027-03-01,1.25,CA135087M847,2194.445,
2024-05-31,bond,2027-06-01,1.0,CA135087F825,8534.306,644.0
2024-05-31,bond,2027-06-01,8.0,CA135087VW17,2454.089,
2024-05-31,bond,2028-06-01,2.0,CA135087H235,8435.363,
2024-05-31,bond,2029-06-01,2.25,CA135087J397,7890.136,80.0
2024-05-31,bond,2029-06-01,5.75,CA135087WL43,4909.719,
2024-05-31,bond,2030-06-01,1.25,CA135087K379,17477.505,
2024-05-31,bond,2030-12-01,0.5,CA135087L443,17051.478,
2024-05-31,bond,2031-06-01,1.5,CA135087M276,10856.641,
2024-05-31,bond,2031-12-01,1.5,CA135087N266,3648.167,
2024-05-31,bond,2031-12-01,4.0,CA135087WV25,406.0,
2024-05-31,bond,2032-06-01,2.0,CA135087N597,595.0,
2024-05-31,bond,2033-06-01,5.75,CA135087XG49,5099.69,
2024-05-31,bond,2036-12-01,3.0,CA135087XQ21,440.0,
2024-05-31,bond,2037-06-01,5.0,CA135087XW98,7740.024,733.0
2024-05-31,bond,2041-06-01,4.0,CA135087YQ12,6953.855,
2024-05-31,bond,2041-12-01,2.0,CA135087YK42,429.0,
2024-05-31,bond,2044-12-01,1.5,CA135087ZH04,424.6,
2024-05-31,bond,2045-12-01,3.5,CA135087ZS68,8925.652,
2024-05-31,bond,2047-12-01,1.25,CA135087B949,392.7,
2024-05-31,bond,2048-12-01,2.75,CA135087D358,6371.15,
2024-05-31,bond,2050-12-01,0.5,CA135087G997,76.0,
2024-05-31,bond,2051-12-01,2.0,CA135087H722,18006.997,
2024-05-31,bond,2053-12-01,1.75,CA135087M680,2965.11,
2024-05-31,bond,2064-12-01,2.75,CA135087C939,2194.182,
2024-05-31,cmb,2024-06-15,2.9,CA13509PEF68,1013.5,
2024-05-31,cmb,2025-06-15,0.95,CA13509PHN65,734.0,
2024-05-31,cmb,2025-12-15,1.95,CA13509PFA62,102.0,
2024-05-31,cmb,2025-12-15,2.25,CA13509PFD02,98.0,
2024-05-31,cmb,2026-09-15,1.9,CA13509PFL28,337.5,
2024-05-31,cmb,2027-06-15,2.35,CA13509PFX65,975.5,
2024-05-31,cmb,2028-03-15,2.35,CA13509PGF41,430.0,
2024-05-31,cmb,2028-03-15,2.65,CA13509PGL19,732.0,
2024-05-31,cmb,2028-12-15,2.65,CA13509PGS61,1077.0,
2024-05-31,cmb,2029-09-15,2.1,CA13509PHD83,621.5,
2024-05-31,cmb,2030-06-15,1.75,CA13509PHM82,270.0,
2024-06-28,bond,2024-09-01,1.5,CA135087J967,10042.352,1569.0
2024-06-28,bond,2024-10-01,0.75,CA135087M508,4062.206,459.0
2024-06-28,bond,2025-03-01,1.25,CA135087K528,12055.174,241.0
2024-06-28,bond,2025-04-01,1.5,CA135087N340,600.0,
2024-06-28,bond,2025-06-01,2.25,CA135087D507,4281.933,
2024-06-28,bond,2025-06-01,9.0,CA135087VH40,545.039,39.0
2024-06-28,bond,2025-09-01,0.5,CA135087K940,25819.675,
2024-06-28,bond,2026-03-01,0.25,CA135087L518,20536.229,15.0
2024-06-28,bond,2026-06-01,1.5,CA135087E679,7715.229,73.0
2024-06-28,bond,2026-09-01,1.0,CA135087L930,8403.101,50.0
2024-06-28,bond,2026-12-01,4.25,CA135087VS05,440.0,
2024-06-28,bond,2027-03-01,1.25,CA135087M847,2194.445,
2024-06-28,bond,2027-06-01,1.0,CA135087F825,8534.306,964.0
2024-06-28,bond,2027-06-01,8.0,CA135087VW17,2454.089,
2024-06-28,bond,2028-06-01,2.0,CA135087H235,8435.363,
2024-06-28,bond,2029-06-01,2.25,CA135087J397,7890.136,30.0
2024-06-28,bond,2029-06-01,5.75,CA135087WL43,4909.719,
2024-06-28,bond,2030-06-01,1.25,CA135087K379,17477.505,
2024-06-28,bond,2030-12-01,0.5,CA135087L443,17051.478,
2024-06-28,bond,2031-06-01,1.5,CA135087M276,10856.641,
2024-06-28,bond,2031-12-01,1.5,CA135087N266,3648.167,
2024-06-28,bond,2031-12-01,4.0,CA135087WV25,406.0,
2024-06-28,bond,2032-06-01,2.0,CA135087N597,595.0,
2024-06-28,bond,2033-06-01,5.75,CA135087XG49,5099.69,
2024-06-28,bond,2036-12-01,3.0,CA135087XQ21,440.0,
2024-06-28,bond,2037-06-01,5.0,CA135087XW98,7740.024,536.0
2024-06-28,bond,2041-06-01,4.0,CA135087YQ12,6953.855,
2024-06-28,bond,2041-12-01,2.0,CA135087YK42,429.0,
2024-06-28,bond,2044-12-01,1.5,CA135087ZH04,424.6,
2024-06-28,bond,2045-12-01,3.5,CA135087ZS68,8925.652,
2024-06-28,bond,2047-12-01,1.25,CA135087B949,392.7,
2024-06-28,bond,2048-12-01,2.75,CA135087D358,6371.15,
2024-06-28,bond,2050-12-01,0.5,CA135087G997,76.0,
2024-06-28,bond,2051-12-01,2.0,CA135087H722,18006.997,
2024-06-28,bond,2053-12-01,1.75,CA135087M680,2965.11,
2024-06-28,bond,2064-12-01,2.75,CA135087C939,2194.182,
2024-06-28,cmb,2025-06-15,0.95,CA13509PHN65,734.0,
2024-06-28,cmb,2025-12-15,1.95,CA13509PFA62,102.0,
2024-06-28,cmb,2025-12-15,2.25,CA13509PFD02,98.0,
2024-06-28,cmb,2026-09-15,1.9,CA13509PFL28,337.5,
2024-06-28,cmb,2027-06-15,2.35,CA13509PFX65,975.5,
2024-06-28,cmb,2028-03-15,2.35,CA13509PGF41,430.0,
2024-06-28,cmb,2028-03-15,2.65,CA13509PGL19,732.0,
2024-06-28,cmb,2028-12-15,2.65,CA13509PGS61,1077.0,
2024-06-28,cmb,2029-09-15,2.1,CA13509PHD83,621.5,
2024-06-28,cmb,2030-06-15,1.75,CA13509PHM82,270.0,
2024-07-31,bond,2024-09-01,1.5,CA135087J967,10042.352,2042.0
2024-07-31,bond,2024-10-01,0.75,CA135087M508,4062.206,662.0
2024-07-31,bond,2025-03-01,1.25,CA135087K528,12055.174,539.0
2024-07-31,bond,2025-04-01,1.5,CA135087N340,600.0,
2024-07-31,bond,2025-06-01,2.25,CA135087D507,4281.933,
2024-07-31,bond,2025-06-01,9.0,CA135087VH40,545.039,37.0
2024-07-31,bond,2025-09-01,0.5,CA135087K940,25819.675,
2024-07-31,bond,2026-03-01,0.25,CA135087L518,20536.229,
2024-07-31,bond,2026-06-01,1.5,CA135087E679,7715.229,200.0
2024-07-31,bond,2026-09-01,1.0,CA135087L930,8403.101,
2024-07-31,bond,2026-12-01,4.25,CA135087VS05,440.0,
2024-07-31,bond,2027-03-01,1.25,CA135087M847,2194.445,
2024-07-31,bond,2027-06-01,1.0,CA135087F825,8534.306,226.0
2024-07-31,bond,2027-06-01,8.0,CA135087VW17,2454.089,
2024-07-31,bond,2028-06-01,2.0,CA135087H235,8435.363,
2024-07-31,bond,2029-06-01,2.25,CA135087J397,7890.136,721.0
2024-07-31,bond,2029-06-01,5.75,CA135087WL43,4909.719,
2024-07-31,bond,2030-06-01,1.25,CA135087K379,17477.505,
2024-07-31,bond,2030-12-01,0.5,CA135087L443,17051.478,
2024-07-31,bond,2031-06-01,1.5,CA135087M276,10856.641,
2024-07-31,bond,2031-12-01,1.5,CA135087N266,3648.167,
2024-07-31,bond,2031-12-01,4.0,CA135087WV25,406.0,
2024-07-31,bond,2032-06-01,2.0,CA135087N597,595.0,
2024-07-31,bond,2033-06-01,5.75,CA135087XG49,5099.69,
2024-07-31,bond,2036-12-01,3.0,CA135087XQ21,440.0,
2024-07-31,bond,2037-06-01,5.0,CA135087XW98,7740.024,765.0
2024-07-31,bond,2041-06-01,4.0,CA135087YQ12,6953.855,
2024-07-31,bond,2041-12-01,2.0,CA135087YK42,429.0,
2024-07-31,bond,2044-12-01,1.5,CA135087ZH04,424.6,
2024-07-31,bond,2045-12-01,3.5,CA135087ZS68,8925.652,
2024-07-31,bond,2047-12-01,1.25,CA135087B949,392.7,
2024-07-31,bond,2048-12-01,2.75,CA135087D358,6371.15,
2024-07-31,bond,2050-12-01,0.5,CA135087G997,76.0,
2024-07-31,bond,2051-12-01,2.0,CA135087H722,18006.997,
2024-07-31,bond,2053-12-01,1.75,CA135087M680,2965.11,
2024-07-31,bond,2064-12-01,2.75,CA135087C939,2194.182,
2024-07-31,cmb,2025-06-15,0.95,CA13509PHN65,734.0,
2024-07-31,cmb,2025-12-15,1.95,CA13509PFA62,102.0,
2024-07-31,cmb,2025-12-15,2.25,CA13509PFD02,98.0,
2024-07-31,cmb,2026-09-15,1.9,CA13509PFL28,337.5,
2024-07-31,cmb,2027-06-15,2.35,CA13509PFX65,975.5,
2024-07-31,cmb,2028-03-15,2.35,CA13509PGF41,430.0,
2024-07-31,cmb,2028-03-15,2.65,CA13509PGL19,732.0,
2024-07-31,cmb,2028-12-15,2.65,CA13509PGS61,1077.0,
2024-07-31,cmb,2029-09-15,2.1,CA13509PHD83,621.5,
2024-07-31,cmb,2030-06-15,1.75,CA13509PHM82,270.0,
2024-08-30,bond,2024-09-01,1.5,CA135087J967,10042.352,1725.0
2024-08-30,bond,2024-10-01,0.75,CA135087M508,4062.206,594.0
2024-08-30,bond,2025-03-01,1.25,CA135087K528,12055.174,793.0
2024-08-30,bond,2025-04-01,1.5,CA135087N340,600.0,
2024-08-30,bond,2025-06-01,2.25,CA135087D507,4281.933,
2024-08-30,bond,2025-06-01,9.0,CA135087VH40,545.039,37.0
2024-08-30,bond,2025-09-01,0.5,CA135087K940,25819.675,
2024-08-30,bond,2026-03-01,0.25,CA135087L518,20536.229,123.0
2024-08-30,bond,2026-06-01,1.5,CA135087E679,7715.229,151.0
2024-08-30,bond,2026-09-01,1.0,CA135087L930,8403.101,5.0
2024-08-30,bond,2026-12-01,4.25,CA135087VS05,440.0,
2024-08-30,bond,2027-03-01,1.25,CA135087M847,2194.445,
2024-08-30,bond,2027-06-01,1.0,CA135087F825,8534.306,942.0
2024-08-30,bond,2027-06-01,8.0,CA135087VW17,2454.089,
2024-08-30,bond,2028-06-01,2.0,CA135087H235,8435.363,
2024-08-30,bond,2029-06-01,2.25,CA135087J397,7890.136,641.0
2024-08-30,bond,2029-06-01,5.75,CA135087WL43,4909.719,
2024-08-30,bond,2030-06-01,1.25,CA135087K379,17477.505,
2024-08-30,bond,2030-12-01,0.5,CA135087L443,17051.478,
2024-08-30,bond,2031-06-01,1.5,CA135087M276,10856.641,
2024-08-30,bond,2031-12-01,1.5,CA135087N266,3648.167,
2024-08-30,bond,2031-12-01,4.0,CA135087WV25,406.0,
2024-08-30,bond,2032-06-01,2.0,CA135087N597,595.0,
2024-08-30,bond,2033-06-01,5.75,CA135087XG49,5099.69,
2024-08-30,bond,2036-12-01,3.0,CA135087XQ21,440.0,
2024-08-30,bond,2037-06-01,5.0,CA135087XW98,7740.024,566.0
2024-08-30,bond,2041-06-01,4.0,CA135087YQ12,6953.855,
2024-08-30,bond,2041-12-01,2.0,CA135087YK42,429.0,
2024-08-30,bond,2044-12-01,1.5,CA135087ZH04,424.6,
2024-08-30,bond,2045-12-01,3.5,CA135087ZS68,8925.652,
2024-08-30,bond,2047-12-01,1.25,CA135087B949,392.7,
2024-08-30,bond,2048-12-01,2.75,CA135087D358,6371.15,
2024-08-30,bond,2050-12-01,0.5,CA135087G997,76.0,
2024-08-30,bond,2051-12-01,2.0,CA135087H722,18006.997,
2024-08-30,bond,2053-12-01,1.75,CA135087M680,2965.11,
2024-08-30,bond,2064-12-01,2.75,CA135087C939,2194.182,
2024-08-30,cmb,2025-06-15,0.95,CA13509PHN65,734.0,
2024-08-30,cmb,2025-12-15,1.95,CA13509PFA62,102.0,
2024-08-30,cmb,2025-12-15,2.25,CA13509PFD02,98.0,
2024-08-30,cmb,2026-09-15,1.9,CA13509PFL28,337.5,
2024-08-30,cmb,2027-06-15,2.35,CA13509PFX65,975.5,
2024-08-30,cmb,2028-03-15,2.35,CA13509PGF41,430.0,
2024-08-30,cmb,2028-03-15,2.65,CA13509PGL19,732.0,
2024-08-30,cmb,2028-12-15,2.65,CA13509PGS61,1077.0,
2024-08-30,cmb,2029-09-15,2.1,CA13509PHD83,621.5,
2024-08-30,cmb,2030-06-15,1.75,CA13509PHM82,270.0,
2024-09-27,bond,2024-10-01,0.75,CA135087M508,4524.206,462.0
2024-09-27,bond,2025-03-01,1.25,CA135087K528,12963.174,908.0
2024-09-27,bond,2025-04-01,1.5,CA135087N340,600.0,
2024-09-27,bond,2025-06-01,2.25,CA135087D507,4301.933,20.0
2024-09-27,bond,2025-06-01,9.0,CA135087VH40,582.039,37.0
2024-09-27,bond,2025-09-01,0.5,CA135087K940,25819.675,
2024-09-27,bond,2026-03-01,0.25,CA135087L518,20612.229,76.0
2024-09-27,bond,2026-06-01,1.5,CA135087E679,8108.229,393.0
2024-09-27,bond,2026-09-01,1.0,CA135087L930,8480.101,77.0
2024-09-27,bond,2026-12-01,4.25,CA135087VS05,440.0,
2024-09-27,bond,2027-03-01,1.25,CA135087M847,2542.445,348.0
2024-09-27,bond,2027-06-01,1.0,CA135087F825,9179.306,645.0
2024-09-27,bond,2027-06-01,8.0,CA135087VW17,2454.089,
2024-09-27,bond,2028-06-01,2.0,CA135087H235,8744.363,309.0
2024-09-27,bond,2029-06-01,2.25,CA135087J397,8151.136,261.0
2024-09-27,bond,2029-06-01,5.75,CA135087WL43,4909.719,
2024-09-27,bond,2030-06-01,1.25,CA135087K379,17477.505,
2024-09-27,bond,2030-12-01,0.5,CA135087L443,17071.478,20.0
2024-09-27,bond,2031-06-01,1.5,CA135087M276,10856.641,
2024-09-27,bond,2031-12-01,1.5,CA135087N266,3648.167,
2024-09-27,bond,2031-12-01,4.0,CA135087WV25,406.0,
2024-09-27,bond,2032-06-01,2.0,CA135087N597,595.0,
2024-09-27,bond,2033-06-01,5.75,CA135087XG49,5099.69,
2024-09-27,bond,2036-12-01,3.0,CA135087XQ21,440.0,
2024-09-27,bond,2037-06-01,5.0,CA135087XW98,8332.024,592.0
2024-09-27,bond,2041-06-01,4.0,CA135087YQ12,6953.855,
2024-09-27,bond,2041-12-01,2.0,CA135087YK42,429.0,
2024-09-27,bond,2044-12-01,1.5,CA135087ZH04,424.6,
2024-09-27,bond,2045-12-01,3.5,CA135087ZS68,8925.652,8.0
2024-09-27,bond,2047-12-01,1.25,CA135087B949,392.7,
2024-09-27,bond,2048-12-01,2.75,CA135087D358,6371.15,
2024-09-27,bond,2050-12-01,0.5,CA135087G997,76.0,
2024-09-27,bond,2051-12-01,2.0,CA135087H722,18006.997,
2024-09-27,bond,2053-12-01,1.75,CA135087M680,2965.11,
2024-09-27,bond,2064-12-01,2.75,CA135087C939,2194.182,
2024-09-27,cmb,2025-06-15,0.95,CA13509PHN65,734.0,
2024-09-27,cmb,2025-12-15,1.95,CA13509PFA62,102.0,
2024-09-27,cmb,2025-12-15,2.25,CA13509PFD02,98.0,
2024-09-27,cmb,2026-09-15,1.9,CA13509PFL28,337.5,
2024-09-27,cmb,2027-06-15,2.35,CA13509PFX65,975.5,
2024-09-27,cmb,2028-03-15,2.35,CA13509PGF41,430.0,
2024-09-27,cmb,2028-03-15,2.65,CA13509PGL19,732.0,
2024-09-27,cmb,2028-12-15,2.65,CA13509PGS61,1077.0,
2024-09-27,cmb,2029-09-15,2.1,CA13509PHD83,621.5,
2024-09-27,cmb,2030-06-15,1.75,CA13509PHM82,270.0,
2024-10-31,bond,2025-03-01,1.25,CA135087K528,12055.174,1399.0
2024-10-31,bond,2025-04-01,1.5,CA135087N340,600.0,
2024-10-31,bond,2025-06-01,2.25,CA135087D507,4281.933,
2024-10-31,bond,2025-06-01,9.0,CA135087VH40,545.039,39.0
2024-10-31,bond,2025-09-01,0.5,CA135087K940,25819.675,
2024-10-31,bond,2026-03-01,0.25,CA135087L518,20536.229,
2024-10-31,bond,2026-06-01,1.5,CA135087E679,7715.229,279.0
2024-10-31,bond,2026-09-01,1.0,CA135087L930,8403.101,
2024-10-31,bond,2026-12-01,4.25,CA135087VS05,440.0,
2024-10-31,bond,2027-03-01,1.25,CA135087M847,2194.445,
2024-10-31,bond,2027-06-01,1.0,CA135087F825,8534.306,313.0
2024-10-31,bond,2027-06-01,8.0,CA135087VW17,2454.089,
2024-10-31,bond,2028-06-01,2.0,CA135087H235,8435.363,
2024-10-31,bond,2029-06-01,2.25,CA135087J397,7890.136,436.0
2024-10-31,bond,2029-06-01,5.75,CA135087WL43,4909.719,
2024-10-31,bond,2030-06-01,1.25,CA135087K379,17477.505,
2024-10-31,bond,2030-12-01,0.5,CA135087L443,17051.478,
2024-10-31,bond,2031-06-01,1.5,CA135087M276,10856.641,
2024-10-31,bond,2031-12-01,1.5,CA135087N266,3648.167,
2024-10-31,bond,2031-12-01,4.0,CA135087WV25,406.0,
2024-10-31,bond,2032-06-01,2.0,CA135087N597,595.0,
2024-10-31,bond,2033-06-01,5.75,CA135087XG49,5099.69,
2024-10-31,bond,2036-12-01,3.0,CA135087XQ21,440.0,
2024-10-31,bond,2037-06-01,5.0,CA135087XW98,7740.024,622.0
2024-10-31,bond,2041-06-01,4.0,CA135087YQ12,6953.855,
2024-10-31,bond,2041-12-01,2.0,CA135087YK42,429.0,
2024-10-31,bond,2044-12-01,1.5,CA135087ZH04,424.6,
2024-10-31,bond,2045-12-01,3.5,CA135087ZS68,8925.652,
2024-10-31,bond,2047-12-01,1.25,CA135087B949,392.7,
2024-10-31,bond,2048-12-01,2.75,CA135087D358,6371.15,
2024-10-31,bond,2050-12-01,0.5,CA135087G997,76.0,
2024-10-31,bond,2051-12-01,2.0,CA135087H722,18006.997,
2024-10-31,bond,2053-12-01,1.75,CA135087M680,2965.11,
2024-10-31,bond,2064-12-01,2.75,CA135087C939,2194.182,
2024-10-31,cmb,2025-06-15,0.95,CA13509PHN65,734.0,
2024-10-31,cmb,2025-12-15,1.95,CA13509PFA62,102.0,
2024-10-31,cmb,2025-12-15,2.25,CA13509PFD02,98.0,
2024-10-31,cmb,2026-09-15,1.9,CA13509PFL28,337.5,
2024-10-31,cmb,2027-06-15,2.35,CA13509PFX65,975.5,
2024-10-31,cmb,2028-03-15,2.35,CA13509PGF41,430.0,
2024-10-31,cmb,2028-03-15,2.65,CA13509PGL19,732.0,
2024-10-31,cmb,2028-12-15,2.65,CA13509PGS61,1077.0,
2024-10-31,cmb,2029-09-15,2.1,CA13509PHD83,621.5,
2024-10-31,cmb,2030-06-15,1.75,CA13509PHM82,270.0,
2024-11-29,bond,2025-03-01,1.25,CA135087K528,12055.174,1180.0
2024-11-29,bond,2025-04-01,1.5,CA135087N340,600.0,
2024-11-29,bond,2025-06-01,2.25,CA135087D507,4281.933,5.0
2024-11-29,bond,2025-06-01,9.0,CA135087VH40,545.039,35.0
2024-11-29,bond,2025-09-01,0.5,CA135087K940,25819.675,
2024-11-29,bond,2026-03-01,0.25,CA135087L518,20536.229,
2024-11-29,bond,2026-06-01,1.5,CA135087E679,7715.229,256.0
2024-11-29,bond,2026-09-01,1.0,CA135087L930,8403.101,41.0
2024-11-29,bond,2026-12-01,4.25,CA135087VS05,440.0,
2024-11-29,bond,2027-03-01,1.25,CA135087M847,2194.445,
2024-11-29,bond,2027-06-01,1.0,CA135087F825,8534.306,208.0
2024-11-29,bond,2027-06-01,8.0,CA135087VW17,2454.089,
2024-11-29,bond,2028-06-01,2.0,CA135087H235,8435.363,
2024-11-29,bond,2029-06-01,2.25,CA135087J397,7890.136,148.0
2024-11-29,bond,2029-06-01,5.75,CA135087WL43,4909.719,
2024-11-29,bond,2030-06-01,1.25,CA135087K379,17477.505,
2024-11-29,bond,2030-12-01,0.5,CA135087L443,17051.478,
2024-11-29,bond,2031-06-01,1.5,CA135087M276,10856.641,
2024-11-29,bond,2031-12-01,1.5,CA135087N266,3648.167,
2024-11-29,bond,2031-12-01,4.0,CA135087WV25,406.0,
2024-11-29,bond,2032-06-01,2.0,CA135087N597,595.0,
2024-11-29,bond,2033-06-01,5.75,CA135087XG49,5099.69,
2024-11-29,bond,2036-12-01,3.0,CA135087XQ21,440.0,
2024-11-29,bond,2037-06-01,5.0,CA135087XW98,7740.024,654.0
2024-11-29,bond,2041-06-01,4.0,CA135087YQ12,6953.855,
2024-11-29,bond,2041-12-01,2.0,CA135087YK42,429.0,
2024-11-29,bond,2044-12-01,1.5,CA135087ZH04,424.6,
2024-11-29,bond,2045-12-01,3.5,CA135087ZS68,8925.652,
2024-11-29,bond,2047-12-01,1.25,CA135087B949,392.7,
2024-11-29,bond,2048-12-01,2.75,CA135087D358,6371.15,
2024-11-29,bond,2050-12-01,0.5,CA135087G997,76.0,
2024-11-29,bond,2051-12-01,2.0,CA135087H722,18006.997,
2024-11-29,bond,2053-12-01,1.75,CA135087M680,2965.11,
2024-11-29,bond,2064-12-01,2.75,CA135087C939,2194.182,
2024-11-29,cmb,2025-06-15,0.95,CA13509PHN65,734.0,
2024-11-29,cmb,2025-12-15,1.95,CA13509PFA62,102.0,
2024-11-29,cmb,2025-12-15,2.25,CA13509PFD02,98.0,
2024-11-29,cmb,2026-09-15,1.9,CA13509PFL28,337.5,
2024-11-29,cmb,2027-06-15,2.35,CA13509PFX65,975.5,
2024-11-29,cmb,2028-03-15,2.35,CA13509PGF41,430.0,
2024-11-29,cmb,2028-03-15,2.65,CA13509PGL19,732.0,
2024-11-29,cmb,2028-12-15,2.65,CA13509PGS61,1077.0,
2024-11-29,cmb,2029-09-15,2.1,CA13509PHD83,621.5,
2024-11-29,cmb,2030-06-15,1.75,CA13509PHM82,270.0,
2024-12-31,bond,2025-03-01,1.25,CA135087K528,12055.174,1158.0
2024-12-31,bond,2025-04-01,1.5,CA135087N340,600.0,
2024-12-31,bond,2025-06-01,2.25,CA135087D507,4281.933,
2024-12-31,bond,2025-06-01,9.0,CA135087VH40,545.039,85.0
2024-12-31,bond,2025-09-01,0.5,CA135087K940,25819.675,
2024-12-31,bond,2026-03-01,0.25,CA135087L518,20536.229,
2024-12-31,bond,2026-06-01,1.5,CA135087E679,7715.229,438.0
2024-12-31,bond,2026-09-01,1.0,CA135087L930,8403.101,
2024-12-31,bond,2026-12-01,4.25,CA135087VS05,440.0,
2024-12-31,bond,2027-03-01,1.25,CA135087M847,2194.445,
2024-12-31,bond,2027-06-01,1.0,CA135087F825,8534.306,106.0
2024-12-31,bond,2027-06-01,8.0,CA135087VW17,2454.089,47.0
2024-12-31,bond,2028-06-01,2.0,CA135087H235,8435.363,
2024-12-31,bond,2029-06-01,2.25,CA135087J397,7890.136,410.0
2024-12-31,bond,2029-06-01,5.75,CA135087WL43,4909.719,
2024-12-31,bond,2030-06-01,1.25,CA135087K379,17477.505,
2024-12-31,bond,2030-12-01,0.5,CA135087L443,17051.478,
2024-12-31,bond,2031-06-01,1.5,CA135087M276,10856.641,
2024-12-31,bond,2031-12-01,1.5,CA135087N266,3648.167,
2024-12-31,bond,2031-12-01,4.0,CA135087WV25,406.0,
2024-12-31,bond,2032-06-01,2.0,CA135087N597,595.0,
2024-12-31,bond,2033-06-01,5.75,CA135087XG49,5099.69,
2024-12-31,bond,2036-12-01,3.0,CA135087XQ21,440.0,
2024-12-31,bond,2037-06-01,5.0,CA135087XW98,7740.024,429.0
2024-12-31,bond,2041-06-01,4.0,CA135087YQ12,6953.855,
2024-12-31,bond,2041-12-01,2.0,CA135087YK42,429.0,
2024-12-31,bond,2044-12-01,1.5,CA135087ZH04,424.6,
2024-12-31,bond,2045-12-01,3.5,CA135087ZS68,8925.652,
2024-12-31,bond,2047-12-01,1.25,CA135087B949,392.7,
2024-12-31,bond,2048-12-01,2.75,CA135087D358,6371.15,
2024-12-31,bond,2050-12-01,0.5,CA135087G997,76.0,
2024-12-31,bond,2051-12-01,2.0,CA135087H722,18006.997,
2024-12-31,bond,2053-12-01,1.75,CA135087M680,2965.11,
2024-12-31,bond,2064-12-01,2.75,CA135087C939,2194.182,
2024-12-31,cmb,2025-06-15,0.95,CA13509PHN65,734.0,
2024-12-31,cmb,2025-12-15,1.95,CA13509PFA62,102.0,
2024-12-31,cmb,2025-12-15,2.25,CA13509PFD02,98.0,
2024-12-31,cmb,2026-09-15,1.9,CA13509PFL28,337.5,
2024-12-31,cmb,2027-06-15,2.35,CA13509PFX65,975.5,
2024-12-31,cmb,2028-03-15,2.35,CA13509PGF41,430.0,
2024-12-31,cmb,2028-03-15,2.65,CA13509PGL19,732.0,
2024-12-31,cmb,2028-12-15,2.65,CA13509PGS61,1077.0,
2024-12-31,cmb,2029-09-15,2.1,CA13509PHD83,621.5,
2024-12-31,cmb,2030-06-15,1.75,CA13509PHM82,270.0,
2025-01-31,bond,2025-03-01,1.25,CA135087K528,12055.174,1402.0
2025-01-31,bond,2025-04-01,1.5,CA135087N340,600.0,23.0
2025-01-31,bond,2025-06-01,2.25,CA135087D507,4281.933,
2025-01-31,bond,2025-06-01,9.0,CA135087VH40,545.039,35.0
2025-01-31,bond,2025-09-01,0.5,CA135087K940,25819.675,
2025-01-31,bond,2026-03-01,0.25,CA135087L518,20536.229,
2025-01-31,bond,2026-06-01,1.5,CA135087E679,7715.229,248.0
2025-01-31,bond,2026-09-01,1.0,CA135087L930,8403.101,
2025-01-31,bond,2026-12-01,4.25,CA135087VS05,440.0,
2025-01-31,bond,2027-03-01,1.25,CA135087M847,2194.445,2.0
2025-01-31,bond,2027-06-01,1.0,CA135087F825,8534.306,1437.0
2025-01-31,bond,2027-06-01,8.0,CA135087VW17,2454.089,47.0
2025-01-31,bond,2028-06-01,2.0,CA135087H235,8435.363,
2025-01-31,bond,2029-06-01,2.25,CA135087J397,7890.136,476.0
2025-01-31,bond,2029-06-01,5.75,CA135087WL43,4909.719,
2025-01-31,bond,2030-06-01,1.25,CA135087K379,17477.505,
2025-01-31,bond,2030-12-01,0.5,CA135087L443,17051.478,
2025-01-31,bond,2031-06-01,1.5,CA135087M276,10856.641,
2025-01-31,bond,2031-12-01,1.5,CA135087N266,3648.167,
2025-01-31,bond,2031-12-01,4.0,CA135087WV25,406.0,
2025-01-31,bond,2032-06-01,2.0,CA135087N597,595.0,
2025-01-31,bond,2033-06-01,5.75,CA135087XG49,5099.69,
2025-01-31,bond,2036-12-01,3.0,CA135087XQ21,440.0,
2025-01-31,bond,2037-06-01,5.0,CA135087XW98,7740.024,572.0
2025-01-31,bond,2041-06-01,4.0,CA135087YQ12,6953.855,
2025-01-31,bond,2041-12-01,2.0,CA135087YK42,429.0,
2025-01-31,bond,2044-12-01,1.5,CA135087ZH04,424.6,
2025-01-31,bond,2045-12-01,3.5,CA135087ZS68,8925.652,
2025-01-31,bond,2047-12-01,1.25,CA135087B949,392.7,
2025-01-31,bond,2048-12-01,2.75,CA135087D358,6371.15,
2025-01-31,bond,2050-12-01,0.5,CA135087G997,76.0,
2025-01-31,bond,2051-12-01,2.0,CA135087H722,18006.997,
2025-01-31,bond,2053-12-01,1.75,CA135087M680,2965.11,
2025-01-31,bond,2064-12-01,2.75,CA135087C939,2194.182,
2025-01-31,cmb,2025-06-15,0.95,CA13509PHN65,734.0,
2025-01-31,cmb,2025-12-15,1.95,CA13509PFA62,102.0,
2025-01-31,cmb,2025-12-15,2.25,CA13509PFD02,98.0,
2025-01-31,cmb,2026-09-15,1.9,CA13509PFL28,337.5,
2025-01-31,cmb,2027-06-15,2.35,CA13509PFX65,975.5,
2025-01-31,cmb,2028-03-15,2.35,CA13509PGF41,430.0,
2025-01-31,cmb,2028-03-15,2.65,CA13509PGL19,732.0,
2025-01-31,cmb,2028-12-15,2.65,CA13509PGS61,1077.0,
2025-01-31,cmb,2029-09-15,2.1,CA13509PHD83,621.5,
2025-01-31,cmb,2030-06-15,1.75,CA13509PHM82,270.0,
2025-02-28,bond,2025-03-01,1.25,CA135087K528,12055.174,832.0
2025-02-28,bond,2025-04-01,1.5,CA135087N340,600.0,
2025-02-28,bond,2025-06-01,2.25,CA135087D507,4281.933,
2025-02-28,bond,2025-06-01,9.0,CA135087VH40,545.039,35.0
2025-02-28,bond,2025-09-01,0.5,CA135087K940,25819.675,
2025-02-28,bond,2026-03-01,0.25,CA135087L518,20536.229,
2025-02-28,bond,2026-06-01,1.5,CA135087E679,7715.229,196.0
2025-02-28,bond,2026-09-01,1.0,CA135087L930,8403.101,
2025-02-28,bond,2026-12-01,4.25,CA135087VS05,440.0,
2025-02-28,bond,2027-03-01,1.25,CA135087M847,2194.445,
2025-02-28,bond,2027-06-01,1.0,CA135087F825,8534.306,404.0
2025-02-28,bond,2027-06-01,8.0,CA135087VW17,2454.089,
2025-02-28,bond,2028-06-01,2.0,CA135087H235,8435.363,
2025-02-28,bond,2029-06-01,2.25,CA135087J397,7890.136,215.0
2025-02-28,bond,2029-06-01,5.75,CA135087WL43,4909.719,
2025-02-28,bond,2030-06-01,1.25,CA135087K379,17477.505,
2025-02-28,bond,2030-12-01,0.5,CA135087L443,17051.478,
2025-02-28,bond,2031-06-01,1.5,CA135087M276,10856.641,
2025-02-28,bond,2031-12-01,1.5,CA135087N266,3648.167,
2025-02-28,bond,2031-12-01,4.0,CA135087WV25,406.0,
2025-02-28,bond,2032-06-01,2.0,CA135087N597,595.0,
2025-02-28,bond,2033-06-01,5.75,CA135087XG49,5099.69,
2025-02-28,bond,2036-12-01,3.0,CA135087XQ21,440.0,
2025-02-28,bond,2037-06-01,5.0,CA135087XW98,7740.024,629.0
2025-02-28,bond,2041-06-01,4.0,CA135087YQ12,6953.855,
2025-02-28,bond,2041-12-01,2.0,CA135087YK42,429.0,
2025-02-28,bond,2044-12-01,1.5,CA135087ZH04,424.6,
2025-02-28,bond,2045-12-01,3.5,CA135087ZS68,8925.652,
2025-02-28,bond,2047-12-01,1.25,CA135087B949,392.7,
2025-02-28,bond,2048-12-01,2.75,CA135087D358,6371.15,
2025-02-28,bond,2050-12-01,0.5,CA135087G997,76.0,
2025-02-28,bond,2051-12-01,2.0,CA135087H722,18006.997,
2025-02-28,bond,2053-12-01,1.75,CA135087M680,2965.11,
2025-02-28,bond,2064-12-01,2.75,CA135087C939,2194.182,
2025-02-28,cmb,2025-06-15,0.95,CA13509PHN65,734.0,
2025-02-28,cmb,2025-12-15,1.95,CA13509PFA62,102.0,
2025-02-28,cmb,2025-12-15,2.25,CA13509PFD02,98.0,
2025-02-28,cmb,2026-09-15,1.9,CA13509PFL28,337.5,
2025-02-28,cmb,2027-06-15,2.35,CA13509PFX65,975.5,
2025-02-28,cmb,2028-03-15,2.35,CA13509PGF41,430.0,
2025-02-28,cmb,2028-03-15,2.65,CA13509PGL19,732.0,
2025-02-28,cmb,2028-12-15,2.65,CA13509PGS61,1077.0,
2025-02-28,cmb,2029-09-15,2.1,CA13509PHD83,621.5,
2025-02-28,cmb,2030-06-15,1.75,CA13509PHM82,270.0,
2025-03-31,bond,2025-04-01,1.5,CA135087N340,600.0,
2025-03-31,bond,2025-06-01,2.25,CA135087D507,4281.933,
2025-03-31,bond,2025-06-01,9.0,CA135087VH40,545.039,35.0
2025-03-31,bond,2025-09-01,0.5,CA135087K940,25819.675,
2025-03-31,bond,2026-03-01,0.25,CA135087L518,20536.229,
2025-03-31,bond,2026-06-01,1.5,CA135087E679,7715.229,
2025-03-31,bond,2026-09-01,1.0,CA135087L930,8403.101,
2025-03-31,bond,2026-12-01,4.25,CA135087VS05,440.0,
2025-03-31,bond,2027-03-01,1.25,CA135087M847,2194.445,
2025-03-31,bond,2027-06-01,1.0,CA135087F825,8534.306,769.0
2025-03-31,bond,2027-06-01,8.0,CA135087VW17,2454.089,
2025-03-31,bond,2028-06-01,2.0,CA135087H235,8435.363,
2025-03-31,bond,2029-06-01,2.25,CA135087J397,7890.136,
2025-03-31,bond,2029-06-01,5.75,CA135087WL43,4909.719,
2025-03-31,bond,2030-06-01,1.25,CA135087K379,17477.505,
2025-03-31,bond,2030-12-01,0.5,CA135087L443,17051.478,
2025-03-31,bond,2031-06-01,1.5,CA135087M276,10856.641,
2025-03-31,bond,2031-12-01,1.5,CA135087N266,3648.167,
2025-03-31,bond,2031-12-01,4.0,CA135087WV25,406.0,
2025-03-31,bond,2032-06-01,2.0,CA135087N597,595.0,
2025-03-31,bond,2033-06-01,5.75,CA135087XG49,5099.69,
2025-03-31,bond,2036-12-01,3.0,CA135087XQ21,440.0,
2025-03-31,bond,2037-06-01,5.0,CA135087XW98,7740.024,261.0
2025-03-31,bond,2041-06-01,4.0,CA135087YQ12,6953.855,
2025-03-31,bond,2041-12-01,2.0,CA135087YK42,429.0,
2025-03-31,bond,2044-12-01,1.5,CA135087ZH04,424.6,
2025-03-31,bond,2045-12-01,3.5,CA135087ZS68,8925.652,29.0
2025-03-31,bond,2047-12-01,1.25,CA135087B949,392.7,
2025-03-31,bond,2048-12-01,2.75,CA135087D358,6371.15,
2025-03-31,bond,2050-12-01,0.5,CA135087G997,76.0,
2025-03-31,bond,2051-12-01,2.0,CA135087H722,18006.997,
2025-03-31,bond,2053-12-01,1.75,CA135087M680,2965.11,
2025-03-31,bond,2064-12-01,2.75,CA135087C939,2194.182,
2025-03-31,cmb,2025-06-15,0.95,CA13509PHN65,734.0,
2025-03-31,cmb,2025-12-15,1.95,CA13509PFA62,102.0,
2025-03-31,cmb,2025-12-15,2.25,CA13509PFD02,98.0,
2025-03-31,cmb,2026-09-15,1.9,CA13509PFL28,337.5,
2025-03-31,cmb,2027-06-15,2.35,CA13509PFX65,975.5,
2025-03-31,cmb,2028-03-15,2.35,CA13509PGF41,430.0,
2025-03-31,cmb,2028-03-15,2.65,CA13509PGL19,732.0,
2025-03-31,cmb,2028-12-15,2.65,CA13509PGS61,1077.0,
2025-03-31,cmb,2029-09-15,2.1,CA13509PHD83,621.5,
2025-03-31,cmb,2030-06-15,1.75,CA13509PHM82,270.0,
2025-04-30,bond,2025-06-01,2.25,CA135087D507,4281.933,
2025-04-30,bond,2025-06-01,9.0,CA135087VH40,545.039,34.0
2025-04-30,bond,2025-09-01,0.5,CA135087K940,25819.675,
2025-04-30,bond,2026-03-01,0.25,CA135087L518,20536.229,35.0
2025-04-30,bond,2026-06-01,1.5,CA135087E679,7715.229,66.0
2025-04-30,bond,2026-09-01,1.0,CA135087L930,8403.101,
2025-04-30,bond,2026-12-01,4.25,CA135087VS05,440.0,
2025-04-30,bond,2027-03-01,1.25,CA135087M847,2194.445,
2025-04-30,bond,2027-06-01,1.0,CA135087F825,8534.306,357.0
2025-04-30,bond,2027-06-01,8.0,CA135087VW17,2454.089,2.0
2025-04-30,bond,2028-06-01,2.0,CA135087H235,8435.363,
2025-04-30,bond,2029-06-01,2.25,CA135087J397,7890.136,
2025-04-30,bond,2029-06-01,5.75,CA135087WL43,4909.719,
2025-04-30,bond,2030-06-01,1.25,CA135087K379,17477.505,
2025-04-30,bond,2030-12-01,0.5,CA135087L443,17051.478,
2025-04-30,bond,2031-06-01,1.5,CA135087M276,10856.641,
2025-04-30,bond,2031-12-01,1.5,CA135087N266,3648.167,
2025-04-30,bond,2031-12-01,4.0,CA135087WV25,406.0,
2025-04-30,bond,2032-06-01,2.0,CA135087N597,595.0,
2025-04-30,bond,2033-06-01,5.75,CA135087XG49,5099.69,
2025-04-30,bond,2036-12-01,3.0,CA135087XQ21,440.0,
2025-04-30,bond,2037-06-01,5.0,CA135087XW98,7740.024,537.0
2025-04-30,bond,2041-06-01,4.0,CA135087YQ12,6953.855,
2025-04-30,bond,2041-12-01,2.0,CA135087YK42,429.0,
2025-04-30,bond,2044-12-01,1.5,CA135087ZH04,424.6,
2025-04-30,bond,2045-12-01,3.5,CA135087ZS68,8925.652,
2025-04-30,bond,2047-12-01,1.25,CA135087B949,392.7,
2025-04-30,bond,2048-12-01,2.75,CA135087D358,6371.15,
2025-04-30,bond,2050-12-01,0.5,CA135087G997,76.0,
2025-04-30,bond,2051-12-01,2.0,CA135087H722,18006.997,
2025-04-30,bond,2053-12-01,1.75,CA135087M680,2965.11,
2025-04-30,bond,2064-12-01,2.75,CA135087C939,2194.182,
2025-04-30,cmb,2025-06-15,0.95,CA13509PHN65,734.0,
2025-04-30,cmb,2025-12-15,1.95,CA13509PFA62,102.0,
2025-04-30,cmb,2025-12-15,2.25,CA13509PFD02,98.0,
2025-04-30,cmb,2026-09-15,1.9,CA13509PFL28,337.5,
2025-04-30,cmb,2027-06-15,2.35,CA13509PFX65,975.5,
2025-04-30,cmb,2028-03-15,2.35,CA13509PGF41,430.0,
2025-04-30,cmb,2028-03-15,2.65,CA13509PGL19,732.0,
2025-04-30,cmb,2028-12-15,2.65,CA13509PGS61,1077.0,
2025-04-30,cmb,2029-09-15,2.1,CA13509PHD83,621.5,
2025-04-30,cmb,2030-06-15,1.75,CA13509PHM82,270.0,
2025-05-30,bond,2025-06-01,2.25,CA135087D507,4281.933,
2025-05-30,bond,2025-06-01,9.0,CA135087VH40,545.039,33.0
2025-05-30,bond,2025-09-01,0.5,CA135087K940,25819.675,
2025-05-30,bond,2026-03-01,0.25,CA135087L518,20536.229,
2025-05-30,bond,2026-06-01,1.5,CA135087E679,7715.229,
2025-05-30,bond,2026-09-01,1.0,CA135087L930,8403.101,
2025-05-30,bond,2026-12-01,4.25,CA135087VS05,440.0,
2025-05-30,bond,2027-03-01,1.25,CA135087M847,2194.445,
2025-05-30,bond,2027-06-01,1.0,CA135087F825,8534.306,699.9
2025-05-30,bond,2027-06-01,8.0,CA135087VW17,2454.089,
2025-05-30,bond,2028-06-01,2.0,CA135087H235,8435.363,
2025-05-30,bond,2029-06-01,2.25,CA135087J397,7890.136,
2025-05-30,bond,2029-06-01,5.75,CA135087WL43,4909.719,
2025-05-30,bond,2030-06-01,1.25,CA135087K379,17477.505,
2025-05-30,bond,2030-12-01,0.5,CA135087L443,17051.478,
2025-05-30,bond,2031-06-01,1.5,CA135087M276,10856.641,
2025-05-30,bond,2031-12-01,1.5,CA135087N266,3648.167,
2025-05-30,bond,2031-12-01,4.0,CA135087WV25,406.0,
2025-05-30,bond,2032-06-01,2.0,CA135087N597,595.0,
2025-05-30,bond,2033-06-01,5.75,CA135087XG49,5099.69,
2025-05-30,bond,2036-12-01,3.0,CA135087XQ21,440.0,
2025-05-30,bond,2037-06-01,5.0,CA135087XW98,7740.024,340.0
2025-05-30,bond,2041-06-01,4.0,CA135087YQ12,6953.855,
2025-05-30,bond,2041-12-01,2.0,CA135087YK42,429.0,
2025-05-30,bond,2044-12-01,1.5,CA135087ZH04,424.6,
2025-05-30,bond,2045-12-01,3.5,CA135087ZS68,8925.652,
2025-05-30,bond,2047-12-01,1.25,CA135087B949,392.7,
2025-05-30,bond,2048-12-01,2.75,CA135087D358,6371.15,
2025-05-30,bond,2050-12-01,0.5,CA135087G997,76.0,
2025-05-30,bond,2051-12-01,2.0,CA135087H722,18006.997,
2025-05-30,bond,2053-12-01,1.75,CA135087M680,2965.11,
2025-05-30,bond,2064-12-01,2.75,CA135087C939,2194.182,
2025-05-30,cmb,2025-06-15,0.95,CA13509PHN65,734.0,
2025-05-30,cmb,2025-12-15,1.95,CA13509PFA62,102.0,
2025-05-30,cmb,2025-12-15,2.25,CA13509PFD02,98.0,
2025-05-30,cmb,2026-09-15,1.9,CA13509PFL28,337.5,
2025-05-30,cmb,2027-06-15,2.35,CA13509PFX65,975.5,
2025-05-30,cmb,2028-03-15,2.35,CA13509PGF41,430.0,
2025-05-30,cmb,2028-03-15,2.65,CA13509PGL19,732.0,
2025-05-30,cmb,2028-12-15,2.65,CA13509PGS61,1077.0,
2025-05-30,cmb,2029-09-15,2.1,CA13509PHD83,621.5,
2025-05-30,cmb,2030-06-15,1.75,CA13509PHM82,270.0,
2025-06-30,bond,2025-09-01,0.5,CA135087K940,25819.675,
2025-06-30,bond,2026-03-01,0.25,CA135087L518,20536.229,
2025-06-30,bond,2026-06-01,1.5,CA135087E679,7715.229,106.0
2025-06-30,bond,2026-09-01,1.0,CA135087L930,8403.101,
2025-06-30,bond,2026-12-01,4.25,CA135087VS05,440.0,
2025-06-30,bond,2027-03-01,1.25,CA135087M847,2194.445,
2025-06-30,bond,2027-06-01,1.0,CA135087F825,8534.306,1248.0
2025-06-30,bond,2027-06-01,8.0,CA135087VW17,2454.089,16.0
2025-06-30,bond,2028-06-01,2.0,CA135087H235,8435.363,
2025-06-30,bond,2029-06-01,2.25,CA135087J397,7890.136,275.0
2025-06-30,bond,2029-06-01,5.75,CA135087WL43,4909.719,
2025-06-30,bond,2030-06-01,1.25,CA135087K379,17477.505,
2025-06-30,bond,2030-12-01,0.5,CA135087L443,17051.478,
2025-06-30,bond,2031-06-01,1.5,CA135087M276,10856.641,
2025-06-30,bond,2031-12-01,1.5,CA135087N266,3648.167,
2025-06-30,bond,2031-12-01,4.0,CA135087WV25,406.0,
2025-06-30,bond,2032-06-01,2.0,CA135087N597,595.0,
2025-06-30,bond,2033-06-01,5.75,CA135087XG49,5099.69,
2025-06-30,bond,2036-12-01,3.0,CA135087XQ21,440.0,
2025-06-30,bond,2037-06-01,5.0,CA135087XW98,7740.024,286.0
2025-06-30,bond,2041-06-01,4.0,CA135087YQ12,6953.855,
2025-06-30,bond,2041-12-01,2.0,CA135087YK42,429.0,
2025-06-30,bond,2044-12-01,1.5,CA135087ZH04,424.6,
2025-06-30,bond,2045-12-01,3.5,CA135087ZS68,8925.652,
2025-06-30,bond,2047-12-01,1.25,CA135087B949,392.7,
2025-06-30,bond,2048-12-01,2.75,CA135087D358,6371.15,
2025-06-30,bond,2050-12-01,0.5,CA135087G997,76.0,
2025-06-30,bond,2051-12-01,2.0,CA135087H722,18006.997,
2025-06-30,bond,2053-12-01,1.75,CA135087M680,2965.11,
2025-06-30,bond,2064-12-01,2.75,CA135087C939,2194.182,
2025-06-30,cmb,2025-12-15,1.95,CA13509PFA62,102.0,
2025-06-30,cmb,2025-12-15,2.25,CA13509PFD02,98.0,
2025-06-30,cmb,2026-09-15,1.9,CA13509PFL28,337.5,
2025-06-30,cmb,2027-06-15,2.35,CA13509PFX65,975.5,
2025-06-30,cmb,2028-03-15,2.35,CA13509PGF41,430.0,
2025-06-30,cmb,2028-03-15,2.65,CA13509PGL19,732.0,
2025-06-30,cmb,2028-12-15,2.65,CA13509PGS61,1077.0,
2025-06-30,cmb,2029-09-15,2.1,CA13509PHD83,621.5,
2025-06-30,cmb,2030-06-15,1.75,CA13509PHM82,270.0,
2025-07-31,bond,2025-09-01,0.5,CA135087K940,25819.675,
2025-07-31,bond,2026-03-01,0.25,CA135087L518,20536.229,191.0
2025-07-31,bond,2026-06-01,1.5,CA135087E679,7715.229,20.0
2025-07-31,bond,2026-09-01,1.0,CA135087L930,8403.101,
2025-07-31,bond,2026-12-01,4.25,CA135087VS05,440.0,
2025-07-31,bond,2027-03-01,1.25,CA135087M847,2194.445,
2025-07-31,bond,2027-06-01,1.0,CA135087F825,8534.306,
2025-07-31,bond,2027-06-01,8.0,CA135087VW17,2454.089,9.0
2025-07-31,bond,2028-06-01,2.0,CA135087H235,8435.363,539.0
2025-07-31,bond,2029-06-01,2.25,CA135087J397,7890.136,
2025-07-31,bond,2029-06-01,5.75,CA135087WL43,4909.719,
2025-07-31,bond,2030-06-01,1.25,CA135087K379,17477.505,
2025-07-31,bond,2030-12-01,0.5,CA135087L443,17051.478,
2025-07-31,bond,2031-06-01,1.5,CA135087M276,10856.641,
2025-07-31,bond,2031-12-01,1.5,CA135087N266,3648.167,
2025-07-31,bond,2031-12-01,4.0,CA135087WV25,406.0,
2025-07-31,bond,2032-06-01,2.0,CA135087N597,595.0,
2025-07-31,bond,2033-06-01,5.75,CA135087XG49,5099.69,
2025-07-31,bond,2036-12-01,3.0,CA135087XQ21,440.0,
2025-07-31,bond,2037-06-01,5.0,CA135087XW98,7740.024,5.0
2025-07-31,bond,2041-06-01,4.0,CA135087YQ12,6953.855,
2025-07-31,bond,2041-12-01,2.0,CA135087YK42,429.0,
2025-07-31,bond,2044-12-01,1.5,CA135087ZH04,424.6,
2025-07-31,bond,2045-12-01,3.5,CA135087ZS68,8925.652,
2025-07-31,bond,2047-12-01,1.25,CA135087B949,392.7,
2025-07-31,bond,2048-12-01,2.75,CA135087D358,6371.15,
2025-07-31,bond,2050-12-01,0.5,CA135087G997,76.0,
2025-07-31,bond,2051-12-01,2.0,CA135087H722,18006.997,
2025-07-31,bond,2053-12-01,1.75,CA135087M680,2965.11,
2025-07-31,bond,2064-12-01,2.75,CA135087C939,2194.182,
2025-07-31,cmb,2025-12-15,1.95,CA13509PFA62,102.0,
2025-07-31,cmb,2025-12-15,2.25,CA13509PFD02,98.0,
2025-07-31,cmb,2026-09-15,1.9,CA13509PFL28,337.5,
2025-07-31,cmb,2027-06-15,2.35,CA13509PFX65,975.5,
2025-07-31,cmb,2028-03-15,2.35,CA13509PGF41,430.0,
2025-07-31,cmb,2028-03-15,2.65,CA13509PGL19,732.0,
2025-07-31,cmb,2028-12-15,2.65,CA13509PGS61,1077.0,
2025-07-31,cmb,2029-09-15,2.1,CA13509PHD83,621.5,
2025-07-31,cmb,2030-06-15,1.75,CA13509PHM82,270.0,
2025-08-29,bond,2025-09-01,0.5,CA135087K940,25819.675,
2025-08-29,bond,2026-03-01,0.25,CA135087L518,20536.229,135.0
2025-08-29,bond,2026-06-01,1.5,CA135087E679,7715.229,
2025-08-29,bond,2026-09-01,1.0,CA135087L930,8403.101,
2025-08-29,bond,2026-12-01,4.25,CA135087VS05,440.0,
2025-08-29,bond,2027-03-01,1.25,CA135087M847,2194.445,
2025-08-29,bond,2027-06-01,1.0,CA135087F825,8534.306,
2025-08-29,bond,2027-06-01,8.0,CA135087VW17,2454.089,11.0
2025-08-29,bond,2028-06-01,2.0,CA135087H235,8435.363,
2025-08-29,bond,2029-06-01,2.25,CA135087J397,7890.136,
2025-08-29,bond,2029-06-01,5.75,CA135087WL43,4909.719,40.0
2025-08-29,bond,2030-06-01,1.25,CA135087K379,17477.505,
2025-08-29,bond,2030-12-01,0.5,CA135087L443,17051.478,
2025-08-29,bond,2031-06-01,1.5,CA135087M276,10856.641,
2025-08-29,bond,2031-12-01,1.5,CA135087N266,3648.167,
2025-08-29,bond,2031-12-01,4.0,CA135087WV25,406.0,
2025-08-29,bond,2032-06-01,2.0,CA135087N597,595.0,
2025-08-29,bond,2033-06-01,5.75,CA135087XG49,5099.69,
2025-08-29,bond,2036-12-01,3.0,CA135087XQ21,440.0,
2025-08-29,bond,2037-06-01,5.0,CA135087XW98,7740.024,109.5
2025-08-29,bond,2041-06-01,4.0,CA135087YQ12,6953.855,
2025-08-29,bond,2041-12-01,2.0,CA135087YK42,429.0,
2025-08-29,bond,2044-12-01,1.5,CA135087ZH04,424.6,
2025-08-29,bond,2045-12-01,3.5,CA135087ZS68,8925.652,
2025-08-29,bond,2047-12-01,1.25,CA135087B949,392.7,
2025-08-29,bond,2048-12-01,2.75,CA135087D358,6371.15,
2025-08-29,bond,2050-12-01,0.5,CA135087G997,76.0,
2025-08-29,bond,2051-12-01,2.0,CA135087H722,18006.997,
2025-08-29,bond,2053-12-01,1.75,CA135087M680,2965.11,
2025-08-29,bond,2064-12-01,2.75,CA135087C939,2194.182,
2025-08-29,cmb,2025-12-15,1.95,CA13509PFA62,102.0,
2025-08-29,cmb,2025-12-15,2.25,CA13509PFD02,98.0,
2025-08-29,cmb,2026-09-15,1.9,CA13509PFL28,337.5,
2025-08-29,cmb,2027-06-15,2.35,CA13509PFX65,975.5,
2025-08-29,cmb,2028-03-15,2.35,CA13509PGF41,430.0,
2025-08-29,cmb,2028-03-15,2.65,CA13509PGL19,732.0,
2025-08-29,cmb,2028-12-15,2.65,CA13509PGS61,1077.0,
2025-08-29,cmb,2029-09-15,2.1,CA13509PHD83,621.5,
2025-08-29,cmb,2030-06-15,1.75,CA13509PHM82,270.0,
2025-09-29,bond,2026-03-01,0.25,CA135087L518,20536.229,311.0
2025-09-29,bond,2026-06-01,1.5,CA135087E679,7715.229,60.0
2025-09-29,bond,2026-09-01,1.0,CA135087L930,8403.101,
2025-09-29,bond,2026-12-01,4.25,CA135087VS05,440.0,
2025-09-29,bond,2027-03-01,1.25,CA135087M847,2194.445,
2025-09-29,bond,2027-06-01,1.0,CA135087F825,8534.306,
2025-09-29,bond,2027-06-01,8.0,CA135087VW17,2454.089,13.0
2025-09-29,bond,2028-06-01,2.0,CA135087H235,8435.363,95.0
2025-09-29,bond,2029-06-01,2.25,CA135087J397,7890.136,180.0
2025-09-29,bond,2029-06-01,5.75,CA135087WL43,4909.719,66.0
2025-09-29,bond,2030-06-01,1.25,CA135087K379,17477.505,
2025-09-29,bond,2030-12-01,0.5,CA135087L443,17051.478,
2025-09-29,bond,2031-06-01,1.5,CA135087M276,10856.641,
2025-09-29,bond,2031-12-01,1.5,CA135087N266,3648.167,
2025-09-29,bond,2031-12-01,4.0,CA135087WV25,406.0,
2025-09-29,bond,2032-06-01,2.0,CA135087N597,595.0,
2025-09-29,bond,2033-06-01,5.75,CA135087XG49,5099.69,
2025-09-29,bond,2036-12-01,3.0,CA135087XQ21,440.0,
2025-09-29,bond,2037-06-01,5.0,CA135087XW98,7740.024,427.0
2025-09-29,bond,2041-06-01,4.0,CA135087YQ12,6953.855,
2025-09-29,bond,2041-12-01,2.0,CA135087YK42,429.0,
2025-09-29,bond,2044-12-01,1.5,CA135087ZH04,424.6,
2025-09-29,bond,2045-12-01,3.5,CA135087ZS68,8925.652,
2025-09-29,bond,2047-12-01,1.25,CA135087B949,392.7,
2025-09-29,bond,2048-12-01,2.75,CA135087D358,6371.15,
2025-09-29,bond,2050-12-01,0.5,CA135087G997,76.0,
2025-09-29,bond,2051-12-01,2.0,CA135087H722,18006.997,
2025-09-29,bond,2053-12-01,1.75,CA135087M680,2965.11,
2025-09-29,bond,2064-12-01,2.75,CA135087C939,2194.182,
2025-09-29,cmb,2025-12-15,1.95,CA13509PFA62,102.0,
2025-09-29,cmb,2025-12-15,2.25,CA13509PFD02,98.0,
2025-09-29,cmb,2026-09-15,1.9,CA13509PFL28,337.5,
2025-09-29,cmb,2027-06-15,2.35,CA13509PFX65,975.5,
2025-09-29,cmb,2028-03-15,2.35,CA13509PGF41,430.0,
2025-09-29,cmb,2028-03-15,2.65,CA13509PGL19,732.0,
2025-09-29,cmb,2028-12-15,2.65,CA13509PGS61,1077.0,
2025-09-29,cmb,2029-09-15,2.1,CA13509PHD83,621.5,
2025-09-29,cmb,2030-06-15,1.75,CA13509PHM82,270.0,
2025-10-31,bond,2026-03-01,0.25,CA135087L518,20536.229,1513.0
2025-10-31,bond,2026-06-01,1.5,CA135087E679,7715.229,7.0
2025-10-31,bond,2026-09-01,1.0,CA135087L930,8403.101,
2025-10-31,bond,2026-12-01,4.25,CA135087VS05,440.0,
2025-10-31,bond,2027-03-01,1.25,CA135087M847,2194.445,
2025-10-31,bond,2027-06-01,1.0,CA135087F825,8534.306,
2025-10-31,bond,2027-06-01,8.0,CA135087VW17,2454.089,13.0
2025-10-31,bond,2028-06-01,2.0,CA135087H235,8435.363,5.0
2025-10-31,bond,2029-06-01,2.25,CA135087J397,7890.136,
2025-10-31,bond,2029-06-01,5.75,CA135087WL43,4909.719,41.0
2025-10-31,bond,2030-06-01,1.25,CA135087K379,17477.505,
2025-10-31,bond,2030-12-01,0.5,CA135087L443,17051.478,
2025-10-31,bond,2031-06-01,1.5,CA135087M276,10856.641,
2025-10-31,bond,2031-12-01,1.5,CA135087N266,3648.167,
2025-10-31,bond,2031-12-01,4.0,CA135087WV25,406.0,
2025-10-31,bond,2032-06-01,2.0,CA135087N597,595.0,
2025-10-31,bond,2033-06-01,5.75,CA135087XG49,5099.69,
2025-10-31,bond,2036-12-01,3.0,CA135087XQ21,440.0,
2025-10-31,bond,2037-06-01,5.0,CA135087XW98,7740.024,245.0
2025-10-31,bond,2041-06-01,4.0,CA135087YQ12,6953.855,
2025-10-31,bond,2041-12-01,2.0,CA135087YK42,429.0,
2025-10-31,bond,2044-12-01,1.5,CA135087ZH04,424.6,
2025-10-31,bond,2045-12-01,3.5,CA135087ZS68,8925.652,
2025-10-31,bond,2047-12-01,1.25,CA135087B949,392.7,
2025-10-31,bond,2048-12-01,2.75,CA135087D358,6371.15,
2025-10-31,bond,2050-12-01,0.5,CA135087G997,76.0,
2025-10-31,bond,2051-12-01,2.0,CA135087H722,18006.997,
2025-10-31,bond,2053-12-01,1.75,CA135087M680,2965.11,
2025-10-31,bond,2064-12-01,2.75,CA135087C939,2194.182,
2025-10-31,cmb,2025-12-15,1.95,CA13509PFA62,102.0,
2025-10-31,cmb,2025-12-15,2.25,CA13509PFD02,98.0,
2025-10-31,cmb,2026-09-15,1.9,CA13509PFL28,337.5,
2025-10-31,cmb,2027-06-15,2.35,CA13509PFX65,975.5,
2025-10-31,cmb,2028-03-15,2.35,CA13509PGF41,430.0,
2025-10-31,cmb,2028-03-15,2.65,CA13509PGL19,732.0,
2025-10-31,cmb,2028-12-15,2.65,CA13509PGS61,1077.0,
2025-10-31,cmb,2029-09-15,2.1,CA13509PHD83,621.5,
2025-10-31,cmb,2030-06-15,1.75,CA13509PHM82,270.0,
2025-11-28,bond,2026-03-01,0.25,CA135087L518,20536.229,463.0
2025-11-28,bond,2026-06-01,1.5,CA135087E679,7715.229,
2025-11-28,bond,2026-09-01,1.0,CA135087L930,8403.101,
2025-11-28,bond,2026-12-01,4.25,CA135087VS05,440.0,
2025-11-28,bond,2027-03-01,1.25,CA135087M847,2194.445,
2025-11-28,bond,2027-06-01,1.0,CA135087F825,8534.306,
2025-11-28,bond,2027-06-01,8.0,CA135087VW17,2454.089,16.0
2025-11-28,bond,2028-06-01,2.0,CA135087H235,8435.363,
2025-11-28,bond,2029-06-01,2.25,CA135087J397,7890.136,
2025-11-28,bond,2029-06-01,5.75,CA135087WL43,4909.719,41.0
2025-11-28,bond,2030-06-01,1.25,CA135087K379,17477.505,
2025-11-28,bond,2030-12-01,0.5,CA135087L443,17051.478,
2025-11-28,bond,2031-06-01,1.5,CA135087M276,10856.641,
2025-11-28,bond,2031-12-01,1.5,CA135087N266,3648.167,
2025-11-28,bond,2031-12-01,4.0,CA135087WV25,406.0,
2025-11-28,bond,2032-06-01,2.0,CA135087N597,595.0,
2025-11-28,bond,2033-06-01,5.75,CA135087XG49,5099.69,
2025-11-28,bond,2036-12-01,3.0,CA135087XQ21,440.0,
2025-11-28,bond,2037-06-01,5.0,CA135087XW98,7740.024,
2025-11-28,bond,2041-06-01,4.0,CA135087YQ12,6953.855,
2025-11-28,bond,2041-12-01,2.0,CA135087YK42,429.0,
2025-11-28,bond,2044-12-01,1.5,CA135087ZH04,424.6,
2025-11-28,bond,2045-12-01,3.5,CA135087ZS68,8925.652,
2025-11-28,bond,2047-12-01,1.25,CA135087B949,392.7,
2025-11-28,bond,2048-12-01,2.75,CA135087D358,6371.15,
2025-11-28,bond,2050-12-01,0.5,CA135087G997,76.0,
2025-11-28,bond,2051-12-01,2.0,CA135087H722,18006.997,
2025-11-28,bond,2053-12-01,1.75,CA135087M680,2965.11,
2025-11-28,bond,2064-12-01,2.75,CA135087C939,2194.182,
2025-11-28,cmb,2025-12-15,1.95,CA13509PFA62,102.0,
2025-11-28,cmb,2025-12-15,2.25,CA13509PFD02,98.0,
2025-11-28,cmb,2026-09-15,1.9,CA13509PFL28,337.5,
2025-11-28,cmb,2027-06-15,2.35,CA13509PFX65,975.5,
2025-11-28,cmb,2028-03-15,2.35,CA13509PGF41,430.0,
2025-11-28,cmb,2028-03-15,2.65,CA13509PGL19,732.0,
2025-11-28,cmb,2028-12-15,2.65,CA13509PGS61,1077.0,
2025-11-28,cmb,2029-09-15,2.1,CA13509PHD83,621.5,
2025-11-28,cmb,2030-06-15,1.75,CA13509PHM82,270.0,
2025-12-31,bond,2026-03-01,0.25,CA135087L518,20536.229,914.0
2025-12-31,bond,2026-06-01,1.5,CA135087E679,7715.229,289.0
2025-12-31,bond,2026-09-01,1.0,CA135087L930,8403.101,
2025-12-31,bond,2026-12-01,4.25,CA135087VS05,440.0,
2025-12-31,bond,2027-03-01,1.25,CA135087M847,2194.445,
2025-12-31,bond,2027-06-01,1.0,CA135087F825,8534.306,
2025-12-31,bond,2027-06-01,8.0,CA135087VW17,2454.089,44.0
2025-12-31,bond,2028-06-01,2.0,CA135087H235,8435.363,
2025-12-31,bond,2029-06-01,2.25,CA135087J397,7890.136,
2025-12-31,bond,2029-06-01,5.75,CA135087WL43,4909.719,66.0
2025-12-31,bond,2030-06-01,1.25,CA135087K379,17477.505,
2025-12-31,bond,2030-12-01,0.5,CA135087L443,17051.478,
2025-12-31,bond,2031-06-01,1.5,CA135087M276,10856.641,
2025-12-31,bond,2031-12-01,1.5,CA135087N266,3648.167,
2025-12-31,bond,2031-12-01,4.0,CA135087WV25,406.0,
2025-12-31,bond,2032-06-01,2.0,CA135087N597,595.0,
2025-12-31,bond,2033-06-01,5.75,CA135087XG49,5099.69,
2025-12-31,bond,2036-12-01,3.0,CA135087XQ21,440.0,
2025-12-31,bond,2037-06-01,5.0,CA135087XW98,7740.024,130.0
2025-12-31,bond,2041-06-01,4.0,CA135087YQ12,6953.855,
2025-12-31,bond,2041-12-01,2.0,CA135087YK42,429.0,
2025-12-31,bond,2044-12-01,1.5,CA135087ZH04,424.6,
2025-12-31,bond,2045-12-01,3.5,CA135087ZS68,8925.652,
2025-12-31,bond,2047-12-01,1.25,CA135087B949,392.7,
2025-12-31,bond,2048-12-01,2.75,CA135087D358,6371.15,
2025-12-31,bond,2050-12-01,0.5,CA135087G997,76.0,
2025-12-31,bond,2051-12-01,2.0,CA135087H722,18006.997,
2025-12-31,bond,2053-12-01,1.75,CA135087M680,2965.11,
2025-12-31,bond,2064-12-01,2.75,CA135087C939,2194.182,
2025-12-31,cmb,2026-09-15,1.9,CA13509PFL28,337.5,
2025-12-31,cmb,2027-06-15,2.35,CA13509PFX65,975.5,
2025-12-31,cmb,2028-03-15,2.35,CA13509PGF41,430.0,
2025-12-31,cmb,2028-03-15,2.65,CA13509PGL19,732.0,
2025-12-31,cmb,2028-12-15,2.65,CA13509PGS61,1077.0,
2025-12-31,cmb,2029-09-15,2.1,CA13509PHD83,621.5,
2025-12-31,cmb,2030-06-15,1.75,CA13509PHM82,270.0,
2025-12-31,tbill,2026-03-25,,CA1350Z7DY71,624.0,
2025-12-31,tbill,2026-04-08,,CA1350Z7EJ95,588.0,
2025-12-31,tbill,2026-06-03,,CA1350Z7EN08,228.0,
2025-12-31,tbill,2026-12-02,,CA1350Z7EP55,228.0,
2026-01-30,bond,2026-03-01,0.25,CA135087L518,20536.229,545.0
2026-01-30,bond,2026-06-01,1.5,CA135087E679,7715.229,104.0
2026-01-30,bond,2026-09-01,1.0,CA135087L930,8403.101,
2026-01-30,bond,2026-12-01,4.25,CA135087VS05,440.0,
2026-01-30,bond,2027-03-01,1.25,CA135087M847,2194.445,
2026-01-30,bond,2027-06-01,1.0,CA135087F825,8534.306,
2026-01-30,bond,2027-06-01,8.0,CA135087VW17,2454.089,72.0
2026-01-30,bond,2028-06-01,2.0,CA135087H235,8435.363,
2026-01-30,bond,2029-06-01,2.25,CA135087J397,7890.136,
2026-01-30,bond,2029-06-01,5.75,CA135087WL43,4909.719,
2026-01-30,bond,2030-06-01,1.25,CA135087K379,17477.505,
2026-01-30,bond,2030-12-01,0.5,CA135087L443,17051.478,
2026-01-30,bond,2031-06-01,1.5,CA135087M276,10856.641,
2026-01-30,bond,2031-12-01,1.5,CA135087N266,3648.167,
2026-01-30,bond,2031-12-01,4.0,CA135087WV25,406.0,
2026-01-30,bond,2032-06-01,2.0,CA135087N597,595.0,
2026-01-30,bond,2033-06-01,5.75,CA135087XG49,5099.69,
2026-01-30,bond,2036-12-01,3.0,CA135087XQ21,440.0,
2026-01-30,bond,2037-06-01,5.0,CA135087XW98,7740.024,10.0
2026-01-30,bond,2041-06-01,4.0,CA135087YQ12,6953.855,
2026-01-30,bond,2041-12-01,2.0,CA135087YK42,429.0,
2026-01-30,bond,2044-12-01,1.5,CA135087ZH04,424.6,
2026-01-30,bond,2045-12-01,3.5,CA135087ZS68,8925.652,
2026-01-30,bond,2047-12-01,1.25,CA135087B949,392.7,
2026-01-30,bond,2048-12-01,2.75,CA135087D358,6371.15,
2026-01-30,bond,2050-12-01,0.5,CA135087G997,76.0,
2026-01-30,bond,2051-12-01,2.0,CA135087H722,18006.997,
2026-01-30,bond,2053-12-01,1.75,CA135087M680,2965.11,
2026-01-30,bond,2064-12-01,2.75,CA135087C939,2194.182,
2026-01-30,cmb,2026-09-15,1.9,CA13509PFL28,337.5,
2026-01-30,cmb,2027-06-15,2.35,CA13509PFX65,975.5,
2026-01-30,cmb,2028-03-15,2.35,CA13509PGF41,430.0,
2026-01-30,cmb,2028-03-15,2.65,CA13509PGL19,732.0,
2026-01-30,cmb,2028-12-15,2.65,CA13509PGS61,1077.0,
2026-01-30,cmb,2029-09-15,2.1,CA13509PHD83,621.5,
2026-01-30,cmb,2030-06-15,1.75,CA13509PHM82,270.0,
2026-01-30,tbill,2026-03-25,,CA1350Z7DY71,624.0,
2026-01-30,tbill,2026-04-08,,CA1350Z7EJ95,588.0,
2026-01-30,tbill,2026-04-22,,CA1350Z7D351,660.0,
2026-01-30,tbill,2026-05-06,,CA1350Z7EL42,696.0,
2026-01-30,tbill,2026-06-03,,CA1350Z7EN08,228.0,
2026-01-30,tbill,2026-07-02,,CA1350Z7EQ39,456.0,
2026-01-30,tbill,2026-07-29,,CA1350Z7ES94,252.0,
2026-01-30,tbill,2026-12-02,,CA1350Z7EP55,228.0,
2026-01-30,tbill,2026-12-30,,CA1350Z7ER12,456.0,
2026-01-30,tbill,2027-01-27,,CA1350Z7ET77,252.0,
2026-02-27,bond,2026-03-01,0.25,CA135087L518,20536.229,86.0
2026-02-27,bond,2026-06-01,1.5,CA135087E679,7715.229,
2026-02-27,bond,2026-09-01,1.0,CA135087L930,8403.101,5.0
2026-02-27,bond,2026-12-01,4.25,CA135087VS05,440.0,
2026-02-27,bond,2027-03-01,1.25,CA135087M847,2194.445,
2026-02-27,bond,2027-06-01,1.0,CA135087F825,8534.306,
2026-02-27,bond,2027-06-01,8.0,CA135087VW17,2454.089,68.0
2026-02-27,bond,2028-06-01,2.0,CA135087H235,8435.363,123.0
2026-02-27,bond,2029-06-01,2.25,CA135087J397,7890.136,
2026-02-27,bond,2029-06-01,5.75,CA135087WL43,4909.719,23.0
2026-02-27,bond,2030-06-01,1.25,CA135087K379,17477.505,
2026-02-27,bond,2030-12-01,0.5,CA135087L443,17051.478,25.0
2026-02-27,bond,2031-06-01,1.5,CA135087M276,10856.641,
2026-02-27,bond,2031-12-01,1.5,CA135087N266,3648.167,
2026-02-27,bond,2031-12-01,4.0,CA135087WV25,406.0,
2026-02-27,bond,2032-06-01,2.0,CA135087N597,595.0,
2026-02-27,bond,2033-06-01,5.75,CA135087XG49,5099.69,
2026-02-27,bond,2036-12-01,3.0,CA135087XQ21,440.0,
2026-02-27,bond,2037-06-01,5.0,CA135087XW98,7740.024,333.0
2026-02-27,bond,2041-06-01,4.0,CA135087YQ12,6953.855,
2026-02-27,bond,2041-12-01,2.0,CA135087YK42,429.0,
2026-02-27,bond,2044-12-01,1.5,CA135087ZH04,424.6,
2026-02-27,bond,2045-12-01,3.5,CA135087ZS68,8925.652,
2026-02-27,bond,2047-12-01,1.25,CA135087B949,392.7,
2026-02-27,bond,2048-12-01,2.75,CA135087D358,6371.15,
2026-02-27,bond,2050-12-01,0.5,CA135087G997,76.0,
2026-02-27,bond,2051-12-01,2.0,CA135087H722,18006.997,
2026-02-27,bond,2053-12-01,1.75,CA135087M680,2965.11,
2026-02-27,bond,2064-12-01,2.75,CA135087C939,2194.182,
2026-02-27,cmb,2026-09-15,1.9,CA13509PFL28,337.5,
2026-02-27,cmb,2027-06-15,2.35,CA13509PFX65,975.5,
2026-02-27,cmb,2028-03-15,2.35,CA13509PGF41,430.0,
2026-02-27,cmb,2028-03-15,2.65,CA13509PGL19,732.0,
2026-02-27,cmb,2028-12-15,2.65,CA13509PGS61,1077.0,
2026-02-27,cmb,2029-09-15,2.1,CA13509PHD83,621.5,
2026-02-27,cmb,2030-06-15,1.75,CA13509PHM82,270.0,
2026-02-27,tbill,2026-03-25,,CA1350Z7DY71,624.0,
2026-02-27,tbill,2026-04-08,,CA1350Z7EJ95,588.0,
2026-02-27,tbill,2026-04-22,,CA1350Z7D351,660.0,
2026-02-27,tbill,2026-05-06,,CA1350Z7EL42,696.0,
2026-02-27,tbill,2026-05-20,,CA1350Z7D682,402.0,
2026-02-27,tbill,2026-06-03,,CA1350Z7EN08,362.0,
2026-02-27,tbill,2026-07-02,,CA1350Z7EQ39,456.0,
2026-02-27,tbill,2026-07-29,,CA1350Z7ES94,396.0,
2026-02-27,tbill,2026-08-26,,CA1350Z7EV24,48.0,
2026-02-27,tbill,2026-12-02,,CA1350Z7EP55,228.0,
2026-02-27,tbill,2026-12-30,,CA1350Z7ER12,456.0,
2026-02-27,tbill,2027-01-27,,CA1350Z7ET77,396.0,
2026-02-27,tbill,2027-02-24,,CA1350Z7EW07,48.0,
2026-03-31,bond,2026-06-01,1.5,CA135087E679,7715.229,149.0
2026-03-31,bond,2026-09-01,1.0,CA135087L930,8403.101,8.0
2026-03-31,bond,2026-12-01,4.25,CA135087VS05,440.0,
2026-03-31,bond,2027-03-01,1.25,CA135087M847,2194.445,
2026-03-31,bond,2027-06-01,1.0,CA135087F825,8534.306,975.0
2026-03-31,bond,2027-06-01,8.0,CA135087VW17,2454.089,9.0
2026-03-31,bond,2028-06-01,2.0,CA135087H235,8435.363,25.0
2026-03-31,bond,2029-06-01,2.25,CA135087J397,7890.136,
2026-03-31,bond,2029-06-01,5.75,CA135087WL43,4909.719,101.0
2026-03-31,bond,2030-06-01,1.25,CA135087K379,17477.505,
2026-03-31,bond,2030-12-01,0.5,CA135087L443,17051.478,10.0
2026-03-31,bond,2031-06-01,1.5,CA135087M276,10856.641,
2026-03-31,bond,2031-12-01,1.5,CA135087N266,3648.167,
2026-03-31,bond,2031-12-01,4.0,CA135087WV25,406.0,
2026-03-31,bond,2032-06-01,2.0,CA135087N597,595.0,
2026-03-31,bond,2033-06-01,5.75,CA135087XG49,5099.69,
2026-03-31,bond,2036-12-01,3.0,CA135087XQ21,440.0,
2026-03-31,bond,2037-06-01,5.0,CA135087XW98,7740.024,1074.0
2026-03-31,bond,2041-06-01,4.0,CA135087YQ12,6953.855,
2026-03-31,bond,2041-12-01,2.0,CA135087YK42,429.0,
2026-03-31,bond,2044-12-01,1.5,CA135087ZH04,424.6,
2026-03-31,bond,2045-12-01,3.5,CA135087ZS68,8925.652,
2026-03-31,bond,2047-12-01,1.25,CA135087B949,392.7,
2026-03-31,bond,2048-12-01,2.75,CA135087D358,6371.15,
2026-03-31,bond,2050-12-01,0.5,CA135087G997,76.0,
2026-03-31,bond,2051-12-01,2.0,CA135087H722,18006.997,
2026-03-31,bond,2053-12-01,1.75,CA135087M680,2965.11,
2026-03-31,bond,2064-12-01,2.75,CA135087C939,2194.182,
2026-03-31,cmb,2026-09-15,1.9,CA13509PFL28,337.5,
2026-03-31,cmb,2027-06-15,2.35,CA13509PFX65,975.5,
2026-03-31,cmb,2028-03-15,2.35,CA13509PGF41,430.0,
2026-03-31,cmb,2028-03-15,2.65,CA13509PGL19,732.0,
2026-03-31,cmb,2028-12-15,2.65,CA13509PGS61,1077.0,
2026-03-31,cmb,2029-09-15,2.1,CA13509PHD83,621.5,
2026-03-31,cmb,2030-06-15,1.75,CA13509PHM82,270.0,
2026-03-31,tbill,2026-04-08,,CA1350Z7EJ95,588.0,76.0
2026-03-31,tbill,2026-04-22,,CA1350Z7D351,660.0,
2026-03-31,tbill,2026-05-06,,CA1350Z7EL42,696.0,
2026-03-31,tbill,2026-05-20,,CA1350Z7D682,402.0,
2026-03-31,tbill,2026-06-03,,CA1350Z7EN08,362.0,
2026-03-31,tbill,2026-06-17,,CA1350Z7EA86,122.0,
2026-03-31,tbill,2026-07-02,,CA1350Z7EQ39,590.0,
2026-03-31,tbill,2026-07-29,,CA1350Z7ES94,396.0,
2026-03-31,tbill,2026-08-26,,CA1350Z7EV24,92.0,
2026-03-31,tbill,2026-09-23,,CA1350Z7EY62,48.0,
2026-03-31,tbill,2026-12-02,,CA1350Z7EP55,228.0,
2026-03-31,tbill,2026-12-30,,CA1350Z7ER12,456.0,
2026-03-31,tbill,2027-01-27,,CA1350Z7ET77,396.0,
2026-03-31,tbill,2027-02-24,,CA1350Z7EW07,92.0,
2026-03-31,tbill,2027-03-24,,CA1350Z7EZ38,48.0,
2026-04-30,bond,2026-06-01,1.5,CA135087E679,7715.229,75.0
2026-04-30,bond,2026-09-01,1.0,CA135087L930,8403.101,
2026-04-30,bond,2026-12-01,4.25,CA135087VS05,440.0,
2026-04-30,bond,2027-03-01,1.25,CA135087M847,2194.445,
2026-04-30,bond,2027-06-01,1.0,CA135087F825,8534.306,874.0
2026-04-30,bond,2027-06-01,8.0,CA135087VW17,2454.089,
2026-04-30,bond,2028-06-01,2.0,CA135087H235,8435.363,197.0
2026-04-30,bond,2029-06-01,2.25,CA135087J397,7890.136,10.0
2026-04-30,bond,2029-06-01,5.75,CA135087WL43,4909.719,74.0
2026-04-30,bond,2030-06-01,1.25,CA135087K379,17477.505,
2026-04-30,bond,2030-12-01,0.5,CA135087L443,17051.478,
2026-04-30,bond,2031-06-01,1.5,CA135087M276,10856.641,
2026-04-30,bond,2031-12-01,1.5,CA135087N266,3648.167,
2026-04-30,bond,2031-12-01,4.0,CA135087WV25,406.0,
2026-04-30,bond,2032-06-01,2.0,CA135087N597,595.0,
2026-04-30,bond,2033-06-01,5.75,CA135087XG49,5099.69,
2026-04-30,bond,2036-12-01,3.0,CA135087XQ21,440.0,
2026-04-30,bond,2037-06-01,5.0,CA135087XW98,7740.024,536.0
2026-04-30,bond,2041-06-01,4.0,CA135087YQ12,6953.855,
2026-04-30,bond,2041-12-01,2.0,CA135087YK42,429.0,
2026-04-30,bond,2044-12-01,1.5,CA135087ZH04,424.6,
2026-04-30,bond,2045-12-01,3.5,CA135087ZS68,8925.652,
2026-04-30,bond,2047-12-01,1.25,CA135087B949,392.7,
2026-04-30,bond,2048-12-01,2.75,CA135087D358,6371.15,
2026-04-30,bond,2050-12-01,0.5,CA135087G997,76.0,
2026-04-30,bond,2051-12-01,2.0,CA135087H722,18006.997,
2026-04-30,bond,2053-12-01,1.75,CA135087M680,2965.11,
2026-04-30,bond,2064-12-01,2.75,CA135087C939,2194.182,
2026-04-30,cmb,2026-09-15,1.9,CA13509PFL28,337.5,
2026-04-30,cmb,2027-06-15,2.35,CA13509PFX65,975.5,
2026-04-30,cmb,2028-03-15,2.35,CA13509PGF41,430.0,
2026-04-30,cmb,2028-03-15,2.65,CA13509PGL19,732.0,
2026-04-30,cmb,2028-12-15,2.65,CA13509PGS61,1077.0,
2026-04-30,cmb,2029-09-15,2.1,CA13509PHD83,621.5,
2026-04-30,cmb,2030-06-15,1.75,CA13509PHM82,270.0,
2026-04-30,tbill,2026-05-06,,CA1350Z7EL42,696.0,
2026-04-30,tbill,2026-05-20,,CA1350Z7D682,402.0,201.0
2026-04-30,tbill,2026-06-03,,CA1350Z7EN08,362.0,
2026-04-30,tbill,2026-06-17,,CA1350Z7EA86,122.0,
2026-04-30,tbill,2026-07-02,,CA1350Z7EQ39,590.0,
2026-04-30,tbill,2026-07-15,,CA1350Z7EC43,158.0,
2026-04-30,tbill,2026-07-29,,CA1350Z7ES94,560.0,
2026-04-30,tbill,2026-08-26,,CA1350Z7EV24,92.0,
2026-04-30,tbill,2026-09-23,,CA1350Z7EY62,104.0,
2026-04-30,tbill,2026-10-21,,CA1350Z7E425,58.0,
2026-04-30,tbill,2026-12-02,,CA1350Z7EP55,228.0,
2026-04-30,tbill,2026-12-30,,CA1350Z7ER12,456.0,
2026-04-30,tbill,2027-01-27,,CA1350Z7ET77,396.0,
2026-04-30,tbill,2027-02-24,,CA1350Z7EW07,92.0,
2026-04-30,tbill,2027-03-24,,CA1350Z7EZ38,104.0,
2026-04-30,tbill,2027-04-21,,CA1350Z7E599,58.0,
2026-05-29,bond,2026-06-01,1.5,CA135087E679,7715.229,323.0
2026-05-29,bond,2026-09-01,1.0,CA135087L930,8403.101,
2026-05-29,bond,2026-12-01,4.25,CA135087VS05,440.0,
2026-05-29,bond,2027-03-01,1.25,CA135087M847,2194.445,
2026-05-29,bond,2027-06-01,1.0,CA135087F825,8534.306,1077.0
2026-05-29,bond,2027-06-01,8.0,CA135087VW17,2454.089,13.0
2026-05-29,bond,2028-06-01,2.0,CA135087H235,8435.363,292.0
2026-05-29,bond,2029-06-01,2.25,CA135087J397,7890.136,
2026-05-29,bond,2029-06-01,5.75,CA135087WL43,4909.719,257.0
2026-05-29,bond,2030-06-01,1.25,CA135087K379,17477.505,
2026-05-29,bond,2030-12-01,0.5,CA135087L443,17051.478,
2026-05-29,bond,2031-06-01,1.5,CA135087M276,10856.641,
2026-05-29,bond,2031-12-01,1.5,CA135087N266,3648.167,
2026-05-29,bond,2031-12-01,4.0,CA135087WV25,406.0,
2026-05-29,bond,2032-06-01,2.0,CA135087N597,595.0,
2026-05-29,bond,2033-06-01,5.75,CA135087XG49,5099.69,
2026-05-29,bond,2036-12-01,3.0,CA135087XQ21,440.0,
2026-05-29,bond,2037-06-01,5.0,CA135087XW98,7740.024,463.0
2026-05-29,bond,2041-06-01,4.0,CA135087YQ12,6953.855,
2026-05-29,bond,2041-12-01,2.0,CA135087YK42,429.0,
2026-05-29,bond,2044-12-01,1.5,CA135087ZH04,424.6,
2026-05-29,bond,2045-12-01,3.5,CA135087ZS68,8925.652,
2026-05-29,bond,2047-12-01,1.25,CA135087B949,392.7,
2026-05-29,bond,2048-12-01,2.75,CA135087D358,6371.15,
2026-05-29,bond,2050-12-01,0.5,CA135087G997,76.0,
2026-05-29,bond,2051-12-01,2.0,CA135087H722,18006.997,
2026-05-29,bond,2053-12-01,1.75,CA135087M680,2965.11,
2026-05-29,bond,2064-12-01,2.75,CA135087C939,2194.182,
2026-05-29,cmb,2026-09-15,1.9,CA13509PFL28,337.5,
2026-05-29,cmb,2027-06-15,2.35,CA13509PFX65,975.5,
2026-05-29,cmb,2028-03-15,2.35,CA13509PGF41,430.0,
2026-05-29,cmb,2028-03-15,2.65,CA13509PGL19,732.0,
2026-05-29,cmb,2028-12-15,2.65,CA13509PGS61,1077.0,
2026-05-29,cmb,2029-09-15,2.1,CA13509PHD83,621.5,
2026-05-29,cmb,2030-06-15,1.75,CA13509PHM82,270.0,
2026-05-29,tbill,2026-06-03,,CA1350Z7EN08,362.0,
2026-05-29,tbill,2026-06-17,,CA1350Z7EA86,122.0,
2026-05-29,tbill,2026-07-02,,CA1350Z7EQ39,590.0,
2026-05-29,tbill,2026-07-15,,CA1350Z7EC43,158.0,
2026-05-29,tbill,2026-07-29,,CA1350Z7ES94,560.0,
2026-05-29,tbill,2026-08-12,,CA1350Z7EE09,176.0,
2026-05-29,tbill,2026-08-26,,CA1350Z7EV24,274.0,
2026-05-29,tbill,2026-09-23,,CA1350Z7EY62,104.0,
2026-05-29,tbill,2026-10-21,,CA1350Z7E425,120.0,
2026-05-29,tbill,2026-11-18,,CA1350Z7E755,64.0,
2026-05-29,tbill,2026-12-02,,CA1350Z7EP55,228.0,
2026-05-29,tbill,2026-12-30,,CA1350Z7ER12,456.0,
2026-05-29,tbill,2027-01-27,,CA1350Z7ET77,396.0,
2026-05-29,tbill,2027-02-24,,CA1350Z7EW07,92.0,
2026-05-29,tbill,2027-03-24,,CA1350Z7EZ38,104.0,
2026-05-29,tbill,2027-04-21,,CA1350Z7E599,120.0,
2026-05-29,tbill,2027-05-19,,CA1350Z7E839,64.0,
2026-06-30,bond,2026-09-01,1.0,CA135087L930,8403.101,9.0
2026-06-30,bond,2026-12-01,4.25,CA135087VS05,440.0,
2026-06-30,bond,2027-03-01,1.25,CA135087M847,2194.445,
2026-06-30,bond,2027-06-01,1.0,CA135087F825,8534.306,1382.0
2026-06-30,bond,2027-06-01,8.0,CA135087VW17,2454.089,37.0
2026-06-30,bond,2028-06-01,2.0,CA135087H235,8435.363,812.0
2026-06-30,bond,2029-06-01,2.25,CA135087J397,7890.136,12.0
2026-06-30,bond,2029-06-01,5.75,CA135087WL43,4909.719,133.0
2026-06-30,bond,2030-06-01,1.25,CA135087K379,17477.505,
2026-06-30,bond,2030-12-01,0.5,CA135087L443,17051.478,
2026-06-30,bond,2031-06-01,1.5,CA135087M276,10856.641,
2026-06-30,bond,2031-12-01,1.5,CA135087N266,3648.167,
2026-06-30,bond,2031-12-01,4.0,CA135087WV25,406.0,
2026-06-30,bond,2032-06-01,2.0,CA135087N597,595.0,
2026-06-30,bond,2033-06-01,5.75,CA135087XG49,5099.69,
2026-06-30,bond,2036-12-01,3.0,CA135087XQ21,440.0,
2026-06-30,bond,2037-06-01,5.0,CA135087XW98,7740.024,695.0
2026-06-30,bond,2041-06-01,4.0,CA135087YQ12,6953.855,
2026-06-30,bond,2041-12-01,2.0,CA135087YK42,429.0,
2026-06-30,bond,2044-12-01,1.5,CA135087ZH04,424.6,
2026-06-30,bond,2045-12-01,3.5,CA135087ZS68,8925.652,
2026-06-30,bond,2047-12-01,1.25,CA135087B949,392.7,
2026-06-30,bond,2048-12-01,2.75,CA135087D358,6371.15,
2026-06-30,bond,2050-12-01,0.5,CA135087G997,76.0,
2026-06-30,bond,2051-12-01,2.0,CA135087H722,18006.997,
2026-06-30,bond,2053-12-01,1.75,CA135087M680,2965.11,
2026-06-30,bond,2064-12-01,2.75,CA135087C939,2194.182,
2026-06-30,cmb,2026-09-15,1.9,CA13509PFL28,337.5,
2026-06-30,cmb,2027-06-15,2.35,CA13509PFX65,975.5,
2026-06-30,cmb,2028-03-15,2.35,CA13509PGF41,430.0,
2026-06-30,cmb,2028-03-15,2.65,CA13509PGL19,732.0,
2026-06-30,cmb,2028-12-15,2.65,CA13509PGS61,1077.0,
2026-06-30,cmb,2029-09-15,2.1,CA13509PHD83,621.5,
2026-06-30,cmb,2030-06-15,1.75,CA13509PHM82,270.0,
2026-06-30,tbill,2026-07-02,,CA1350Z7EQ39,590.0,
2026-06-30,tbill,2026-07-15,,CA1350Z7EC43,158.0,
2026-06-30,tbill,2026-07-29,,CA1350Z7ES94,560.0,
2026-06-30,tbill,2026-08-12,,CA1350Z7EE09,176.0,
2026-06-30,tbill,2026-08-26,,CA1350Z7EV24,274.0,
2026-06-30,tbill,2026-09-09,,CA1350Z7EH30,158.0,
2026-06-30,tbill,2026-09-23,,CA1350Z7EY62,238.0,
2026-06-30,tbill,2026-10-21,,CA1350Z7E425,120.0,
2026-06-30,tbill,2026-11-18,,CA1350Z7E755,120.0,
2026-06-30,tbill,2026-12-02,,CA1350Z7EP55,228.0,
2026-06-30,tbill,2026-12-16,,CA1350Z7FA77,48.0,
2026-06-30,tbill,2026-12-30,,CA1350Z7ER12,456.0,
2026-06-30,tbill,2027-01-27,,CA1350Z7ET77,396.0,
2026-06-30,tbill,2027-02-24,,CA1350Z7EW07,92.0,
2026-06-30,tbill,2027-03-24,,CA1350Z7EZ38,104.0,
2026-06-30,tbill,2027-04-21,,CA1350Z7E599,120.0,
2026-06-30,tbill,2027-05-19,,CA1350Z7E839,120.0,
2026-06-30,tbill,2027-06-16,,CA1350Z7FB50,48.0,
2026-07-31,bond,2026-09-01,1.0,CA135087L930,8403.101,
2026-07-31,bond,2026-12-01,4.25,CA135087VS05,440.0,
2026-07-31,bond,2027-03-01,1.25,CA135087M847,2194.445,5.0
2026-07-31,bond,2027-06-01,1.0,CA135087F825,8534.306,2209.0
2026-07-31,bond,2027-06-01,8.0,CA135087VW17,2454.089,31.0
2026-07-31,bond,2028-06-01,2.0,CA135087H235,8435.363,556.0
2026-07-31,bond,2029-06-01,2.25,CA135087J397,7890.136,250.0
2026-07-31,bond,2029-06-01,5.75,CA135087WL43,4909.719,80.0
2026-07-31,bond,2030-06-01,1.25,CA135087K379,17477.505,
2026-07-31,bond,2030-12-01,0.5,CA135087L443,17051.478,
2026-07-31,bond,2031-06-01,1.5,CA135087M276,10856.641,
2026-07-31,bond,2031-12-01,1.5,CA135087N266,3648.167,
2026-07-31,bond,2031-12-01,4.0,CA135087WV25,406.0,
2026-07-31,bond,2032-06-01,2.0,CA135087N597,595.0,
2026-07-31,bond,2033-06-01,5.75,CA135087XG49,5099.69,
2026-07-31,bond,2036-12-01,3.0,CA135087XQ21,440.0,
2026-07-31,bond,2037-06-01,5.0,CA135087XW98,7740.024,359.0
2026-07-31,bond,2041-06-01,4.0,CA135087YQ12,6953.855,
2026-07-31,bond,2041-12-01,2.0,CA135087YK42,429.0,
2026-07-31,bond,2044-12-01,1.5,CA135087ZH04,424.6,
2026-07-31,bond,2045-12-01,3.5,CA135087ZS68,8925.652,
2026-07-31,bond,2047-12-01,1.25,CA135087B949,392.7,
2026-07-31,bond,2048-12-01,2.75,CA135087D358,6371.15,
2026-07-31,bond,2050-12-01,0.5,CA135087G997,76.0,
2026-07-31,bond,2051-12-01,2.0,CA135087H722,18006.997,
2026-07-31,bond,2053-12-01,1.75,CA135087M680,2965.11,
2026-07-31,bond,2064-12-01,2.75,CA135087C939,2194.182,
2026-07-31,cmb,2026-09-15,1.9,CA13509PFL28,337.5,
2026-07-31,cmb,2027-06-15,2.35,CA13509PFX65,975.5,
2026-07-31,cmb,2028-03-15,2.35,CA13509PGF41,430.0,
2026-07-31,cmb,2028-03-15,2.65,CA13509PGL19,732.0,
2026-07-31,cmb,2028-12-15,2.65,CA13509PGS61,1077.0,
2026-07-31,cmb,2029-09-15,2.1,CA13509PHD83,621.5,
2026-07-31,cmb,2030-06-15,1.75,CA13509PHM82,270.0,
2026-07-31,tbill,2026-08-12,,CA1350Z7EE09,176.0,
2026-07-31,tbill,2026-08-26,,CA1350Z7EV24,274.0,
2026-07-31,tbill,2026-09-09,,CA1350Z7EH30,158.0,
2026-07-31,tbill,2026-09-23,,CA1350Z7EY62,238.0,
2026-07-31,tbill,2026-10-07,,CA1350Z7EK68,128.0,
2026-07-31,tbill,2026-10-21,,CA1350Z7E425,272.0,
2026-07-31,tbill,2026-11-04,,CA1350Z7EM25,164.0,
2026-07-31,tbill,2026-11-18,,CA1350Z7E755,120.0,
2026-07-31,tbill,2026-12-02,,CA1350Z7EP55,228.0,
2026-07-31,tbill,2026-12-16,,CA1350Z7FA77,94.0,
2026-07-31,tbill,2026-12-30,,CA1350Z7ER12,456.0,
2026-07-31,tbill,2027-01-13,,CA1350Z7FC34,112.0,
2026-07-31,tbill,2027-01-27,,CA1350Z7ET77,396.0,
2026-07-31,tbill,2027-02-24,,CA1350Z7EW07,92.0,
2026-07-31,tbill,2027-03-24,,CA1350Z7EZ38,104.0,
2026-07-31,tbill,2027-04-21,,CA1350Z7E599,120.0,
2026-07-31,tbill,2027-05-19,,CA1350Z7E839,120.0,
2026-07-31,tbill,2027-06-16,,CA1350Z7FB50,94.0,
2026-07-31,tbill,2027-07-14,,CA1350Z7FD17,112.0,
2026-08-31,bond,2026-09-01,1.0,CA135087L930,8403.101,158.0
2026-08-31,bond,2026-12-01,4.25,CA135087VS05,440.0,
2026-08-31,bond,2027-03-01,1.25,CA135087M847,2194.445,
2026-08-31,bond,2027-06-01,1.0,CA135087F825,8534.306,2113.0
2026-08-31,bond,2027-06-01,8.0,CA135087VW17,2454.089,29.0
2026-08-31,bond,2028-06-01,2.0,CA135087H235,8435.363,313.0
2026-08-31,bond,2029-06-01,2.25,CA135087J397,7890.136,
2026-08-31,bond,2029-06-01,5.75,CA135087WL43,4909.719,31.0
2026-08-31,bond,2030-06-01,1.25,CA135087K379,17477.505,
2026-08-31,bond,2030-12-01,0.5,CA135087L443,17051.478,
2026-08-31,bond,2031-06-01,1.5,CA135087M276,10856.641,
2026-08-31,bond,2031-12-01,1.5,CA135087N266,3648.167,
2026-08-31,bond,2031-12-01,4.0,CA135087WV25,406.0,
2026-08-31,bond,2032-06-01,2.0,CA135087N597,595.0,
2026-08-31,bond,2033-06-01,5.75,CA135087XG49,5099.69,
2026-08-31,bond,2036-12-01,3.0,CA135087XQ21,440.0,
2026-08-31,bond,2037-06-01,5.0,CA135087XW98,7740.024,310.0
2026-08-31,bond,2041-06-01,4.0,CA135087YQ12,6953.855,
2026-08-31,bond,2041-12-01,2.0,CA135087YK42,429.0,
2026-08-31,bond,2044-12-01,1.5,CA135087ZH04,424.6,
2026-08-31,bond,2045-12-01,3.5,CA135087ZS68,8925.652,
2026-08-31,bond,2047-12-01,1.25,CA135087B949,392.7,
2026-08-31,bond,2048-12-01,2.75,CA135087D358,6371.15,
2026-08-31,bond,2050-12-01,0.5,CA135087G997,76.0,
2026-08-31,bond,2051-12-01,2.0,CA135087H722,18006.997,
2026-08-31,bond,2053-12-01,1.75,CA135087M680,2965.11,
2026-08-31,bond,2064-12-01,2.75,CA135087C939,2194.182,
2026-08-31,cmb,2026-09-15,1.9,CA13509PFL28,337.5,
2026-08-31,cmb,2027-06-15,2.35,CA13509PFX65,975.5,
2026-08-31,cmb,2028-03-15,2.35,CA13509PGF41,430.0,
2026-08-31,cmb,2028-03-15,2.65,CA13509PGL19,732.0,
2026-08-31,cmb,2028-12-15,2.65,CA13509PGS61,1077.0,
2026-08-31,cmb,2029-09-15,2.1,CA13509PHD83,621.5,
2026-08-31,cmb,2030-06-15,1.75,CA13509PHM82,270.0,
2026-08-31,tbill,2026-09-09,,CA1350Z7EH30,158.0,
2026-08-31,tbill,2026-09-23,,CA1350Z7EY62,238.0,
2026-08-31,tbill,2026-10-07,,CA1350Z7EK68,128.0,
2026-08-31,tbill,2026-10-21,,CA1350Z7E425,272.0,
2026-08-31,tbill,2026-11-04,,CA1350Z7EM25,164.0,
2026-08-31,tbill,2026-11-18,,CA1350Z7E755,284.0,
2026-08-31,tbill,2026-12-02,,CA1350Z7EP55,392.0,
2026-08-31,tbill,2026-12-16,,CA1350Z7FA77,94.0,
2026-08-31,tbill,2026-12-30,,CA1350Z7ER12,456.0,
2026-08-31,tbill,2027-01-13,,CA1350Z7FC34,112.0,
2026-08-31,tbill,2027-01-27,,CA1350Z7ET77,396.0,
2026-08-31,tbill,2027-02-10,,CA1350Z7FF64,116.0,
2026-08-31,tbill,2027-02-24,,CA1350Z7EW07,92.0,
2026-08-31,tbill,2027-03-24,,CA1350Z7EZ38,104.0,
2026-08-31,tbill,2027-04-21,,CA1350Z7E599,120.0,
2026-08-31,tbill,2027-05-19,,CA1350Z7E839,120.0,
2026-08-31,tbill,2027-06-16,,CA1350Z7FB50,94.0,
2026-08-31,tbill,2027-07-14,,CA1350Z7FD17,112.0,
2026-08-31,tbill,2027-08-11,,CA1350Z7FG48,116.0,
2026-09-10,bond,2026-12-01,4.25,CA135087VS05,440.0,
2026-09-10,bond,2027-03-01,1.25,CA135087M847,2194.445,
2026-09-10,bond,2027-06-01,1.0,CA135087F825,8534.306,2771.0
2026-09-10,bond,2027-06-01,8.0,CA135087VW17,2454.089,61.0
2026-09-10,bond,2028-06-01,2.0,CA135087H235,8435.363,574.0
2026-09-10,bond,2029-06-01,2.25,CA135087J397,7890.136,
2026-09-10,bond,2029-06-01,5.75,CA135087WL43,4909.719,25.0
2026-09-10,bond,2030-06-01,1.25,CA135087K379,17477.505,
2026-09-10,bond,2030-12-01,0.5,CA135087L443,17051.478,
2026-09-10,bond,2031-06-01,1.5,CA135087M276,10856.641,
2026-09-10,bond,2031-12-01,1.5,CA135087N266,3648.167,
2026-09-10,bond,2031-12-01,4.0,CA135087WV25,406.0,
2026-09-10,bond,2032-06-01,2.0,CA135087N597,595.0,
2026-09-10,bond,2033-06-01,5.75,CA135087XG49,5099.69,
2026-09-10,bond,2036-12-01,3.0,CA135087XQ21,440.0,
2026-09-10,bond,2037-06-01,5.0,CA135087XW98,7740.024,779.0
2026-09-10,bond,2041-06-01,4.0,CA135087YQ12,6953.855,
2026-09-10,bond,2041-12-01,2.0,CA135087YK42,429.0,
2026-09-10,bond,2044-12-01,1.5,CA135087ZH04,424.6,
2026-09-10,bond,2045-12-01,3.5,CA135087ZS68,8925.652,
2026-09-10,bond,2047-12-01,1.25,CA135087B949,392.7,
2026-09-10,bond,2048-12-01,2.75,CA135087D358,6371.15,
2026-09-10,bond,2050-12-01,0.5,CA135087G997,76.0,
2026-09-10,bond,2051-12-01,2.0,CA135087H722,18006.997,
2026-09-10,bond,2053-12-01,1.75,CA135087M680,2965.11,
2026-09-10,bond,2064-12-01,2.75,CA135087C939,2194.182,
2026-09-10,cmb,2026-09-15,1.9,CA13509PFL28,337.5,
2026-09-10,cmb,2027-06-15,2.35,CA13509PFX65,975.5,
2026-09-10,cmb,2028-03-15,2.35,CA13509PGF41,430.0,
2026-09-10,cmb,2028-03-15,2.65,CA13509PGL19,732.0,
2026-09-10,cmb,2028-12-15,2.65,CA13509PGS61,1077.0,
2026-09-10,cmb,2029-09-15,2.1,CA13509PHD83,621.5,
2026-09-10,cmb,2030-06-15,1.75,CA13509PHM82,270.0,
2026-09-10,tbill,2026-09-23,,CA1350Z7EY62,238.0,
2026-09-10,tbill,2026-10-07,,CA1350Z7EK68,128.0,
2026-09-10,tbill,2026-10-21,,CA1350Z7E425,272.0,
2026-09-10,tbill,2026-11-04,,CA1350Z7EM25,164.0,
2026-09-10,tbill,2026-11-18,,CA1350Z7E755,284.0,
2026-09-10,tbill,2026-12-02,,CA1350Z7EP55,392.0,
2026-09-10,tbill,2026-12-16,,CA1350Z7FA77,246.0,
2026-09-10,tbill,2026-12-30,,CA1350Z7ER12,456.0,228.0
2026-09-10,tbill,2027-01-13,,CA1350Z7FC34,112.0,
2026-09-10,tbill,2027-01-27,,CA1350Z7ET77,396.0,
2026-09-10,tbill,2027-02-10,,CA1350Z7FF64,116.0,
2026-09-10,tbill,2027-02-24,,CA1350Z7EW07,92.0,
2026-09-10,tbill,2027-03-10,,CA1350Z7FH21,54.0,
2026-09-10,tbill,2027-03-24,,CA1350Z7EZ38,104.0,
2026-09-10,tbill,2027-04-21,,CA1350Z7E599,120.0,
2026-09-10,tbill,2027-05-19,,CA1350Z7E839,120.0,
2026-09-10,tbill,2027-06-16,,CA1350Z7FB50,94.0,
2026-09-10,tbill,2027-07-14,,CA1350Z7FD17,112.0,
2026-09-10,tbill,2027-08-11,,CA1350Z7FG48,116.0,5.0
2026-09-10,tbill,2027-09-08,,CA1350Z7FJ86,54.0,
